location_id,location_name,decade,scenario_a,scenario_b,n_models,heat_ssp245,cold_ssp245,nonopt_ssp245,yll_nonopt_ssp245,heat_ssp585,cold_ssp585,nonopt_ssp585,yll_nonopt_ssp585,heat_ratio_model_min,heat_ratio_model_median,heat_ratio_model_max,nonopt_ratio_model_min,nonopt_ratio_model_median,nonopt_ratio_model_max,heat_diff,heat_ratio,cold_diff,cold_ratio,nonopt_diff,nonopt_ratio,yll_nonopt_diff,yll_nonopt_ratio,heat_share_ssp245,heat_share_ssp585
6,China,2022-2030,ssp245,ssp585,27,65316.0209718622,549594.86629742,614910.887269283,7225892.78298321,67810.1856240193,546554.975819021,614365.16144304,7226230.29932959,0.929052137798597,1.04006534836788,1.1325183051842,0.977325083139944,0.996315572132197,1.02736618408196,2494.16465215706,1.0381861083245,-3039.89047839958,0.994468852122148,-545.725826242589,0.999112512337087,337.516346382909,1.00004670929344,0.106220303338456,0.110374399265649
6,China,2031-2040,ssp245,ssp585,27,86895.7575063082,665815.648984407,752711.406490715,8800939.46713948,94957.6073148798,655943.377336499,750900.984651379,8793599.05447754,0.981566100497162,1.09170435479984,1.21380400525057,0.976096670267944,0.999741730456052,1.01103864095206,8061.84980857169,1.09277610368937,-9872.27164790826,0.985172665041792,-1810.42183933652,0.997594799515824,-7340.41266193613,0.999165951238576,0.11544365710018,0.126458227190854
6,China,2041-2050,ssp245,ssp585,27,115080.81953341,791229.127057546,906309.946590956,10499042.9574592,131596.549442144,769523.599005063,901120.148447207,10460182.9002089,1.02742218626691,1.11857098880247,1.31891112266359,0.97463447724337,0.994937672101088,1.01499253184981,16515.7299087336,1.14351418399431,-21705.5280524826,0.97256732934845,-5189.79814374913,0.994273704968957,-38860.0572502781,0.996298704805025,0.126977332607108,0.146036629709044
11,Indonesia,2022-2030,ssp245,ssp585,27,7625.89056402342,4126.05425783609,11751.9448218595,193549.926983728,7884.91106226807,4023.70456542649,11908.6156276946,197001.460384141,0.862956486808669,1.05786305715152,1.25730846265422,0.899612684462684,1.02534803852289,1.10750261860807,259.020498244646,1.03396593434826,-102.349692409603,0.975194293139693,156.670805835041,1.01333147901985,3451.53340041314,1.01783278068973,0.648904558319461,0.662118193145054
11,Indonesia,2031-2040,ssp245,ssp585,27,11203.4314383422,4589.53153077507,15792.9629691173,242640.287795483,12757.8570374949,4254.36651324423,17012.2235507391,263591.554675806,0.815680735099453,1.1438242930081,1.37352496210939,0.897215675782637,1.07307751596166,1.19956821188706,1554.42559915267,1.13874549129947,-335.165017530844,0.926971845539485,1219.26058162183,1.07720277594559,20951.2668803231,1.08634702452209,0.709393890193387,0.749922959773275
11,Indonesia,2041-2050,ssp245,ssp585,27,16678.2252053595,4726.98271312796,21405.2079184875,309715.22086401,21900.886426064,3980.85568464558,25881.7421107096,378259.145033168,1.15140843092487,1.30492050603003,1.56537592154764,1.08762688853008,1.19366961521785,1.37937525966264,5222.66122070454,1.31314250505661,-746.127028482387,0.842155752672796,4476.53419222216,1.20913294602272,68543.9241691581,1.2213127400647,0.779166699471986,0.846190582240662
14,Maldives,2022-2030,ssp245,ssp585,27,6.50940603774091,0.30649912297604,6.81590516071695,158.130159454873,6.63675842076289,0.295959078447253,6.93271749921014,160.594094365556,0.776968059457483,1.03770558507084,1.31237227580886,0.787387091955119,1.02101462520451,1.26797252815756,0.12735238302198,1.01956436305918,-0.0105400445287872,0.965611501832548,0.116812338493193,1.01713819892425,2.46393491068284,1.01558168864925,0.955031779969221,0.957309802616222
14,Maldives,2031-2040,ssp245,ssp585,27,10.9065324671084,0.4271300629064,11.3336625300148,231.014400380583,12.3247285035163,0.411261928321928,12.7359904318382,256.180647482748,0.768122634316997,1.12858865814523,1.51369550752662,0.783706162652883,1.11967730096904,1.49371945915419,1.41819603640782,1.13003179889527,-0.0158681345844721,0.962849408265722,1.40232790182335,1.12373122087494,25.1662471021645,1.10893800153023,0.962313147954138,0.967708681117267
14,Maldives,2041-2050,ssp245,ssp585,27,22.7538496051781,0.597528105550785,23.3513777107289,419.267848058978,32.0777067133124,0.292254845393352,32.3699615587058,575.798525749054,1.11446767559673,1.38943309023493,1.73471262685323,1.10335975688202,1.34964037403604,1.70626640725948,9.32385710813428,1.4097705342138,-0.305273260157433,0.489106441485224,9.01858384797685,1.38621206678667,156.530677690076,1.37334290815464,0.974411441031325,0.990971418212428
81,Germany,2022-2030,ssp245,ssp585,27,600.818217548946,36536.3617371724,37137.1799547213,424699.413161318,605.200588868574,36466.0207158067,37071.2213046753,423755.35760771,0.461107536693772,1.01097678948378,1.48969059855801,0.973066353808297,0.994810795803102,1.04419082038595,4.38237131962853,1.00729400539402,-70.341021365668,0.99807476667021,-65.9586500460428,0.998223918721711,-944.055553607992,0.997777120654392,0.0161783479058313,0.0163253480076808
81,Germany,2031-2040,ssp245,ssp585,27,617.280862084153,38251.1210190863,38868.4018811704,458937.077799494,701.320755550103,38485.0434725708,39186.3642281209,463132.441144995,0.754660717170426,1.11709079466431,1.61095166255745,0.980727661662346,1.00517583284563,1.0401882000588,84.0398934659496,1.1361453086075,233.922453484505,1.00611544046952,317.962346950466,1.00818048418668,4195.36334550078,1.00914147831685,0.0158813028632184,0.0178970611171634
81,Germany,2041-2050,ssp245,ssp585,27,721.625087806499,41067.7613132304,41789.3864010369,500446.902037945,793.016139316454,41464.0068918373,42257.0230311537,506370.963594091,0.750011229679064,1.0369001176194,2.68448335908204,0.971978225515775,1.00880068622125,1.06114397916981,71.3910515099552,1.09893094449773,396.245578606897,1.00964857995508,467.636630116831,1.01119032056678,5924.06155614654,1.01183754266841,0.0172681427021047,0.0187664932934771
102,United States of America,2022-2030,ssp245,ssp585,27,10981.6800452907,106907.917448195,117889.597493486,1584800.04657367,11035.1058224494,106827.36000127,117862.46582372,1584567.87702467,0.842881128706608,1.02503349495912,1.14270009304536,0.978970742180823,0.99800115812085,1.02408989847877,53.4257771587654,1.00486499123435,-80.5574469244166,0.999246478194999,-27.1316697656439,0.999769855268467,-232.169548996957,0.999853502308068,0.0931522397122231,0.0936269722962864
102,United States of America,2031-2040,ssp245,ssp585,27,13560.0858508024,126386.660217591,139946.746068394,1838800.53832436,14321.9521630699,126242.26007601,140564.21223908,1848931.93074986,0.914374861087376,1.06275475772874,1.19329837247526,0.976486702057407,1.00560429531068,1.02816714401672,761.866312267419,1.05618447557412,-144.400141581718,0.998857473238607,617.466170685773,1.0044121509648,10131.3924254945,1.00550978326052,0.0968946133565368,0.10188903658287
102,United States of America,2041-2050,ssp245,ssp585,27,16322.1627216793,139220.660971847,155542.823693526,2054664.6736875,17855.1349853167,138145.892103219,156001.027088536,2063966.31380961,0.952955435681238,1.07507951736142,1.26962004875036,0.982148196128069,1.00314824501778,1.03508043371829,1532.97226363742,1.09391967778886,-1074.76886862781,0.992280105114246,458.203395009565,1.00294583436335,9301.64012210397,1.00452708426889,0.104936777757357,0.114455239933666
114,Haiti,2022-2030,ssp245,ssp585,27,1808.12943788469,270.173299885309,2078.30273777,82448.2639712151,1815.88239240696,276.089029804968,2091.97142221192,82789.2729642987,0.951569930451063,1.00849083748713,1.05724195505275,0.961987640525859,1.00972725654116,1.05794860374922,7.75295452226465,1.00428783158983,5.91572991965933,1.02189605679825,13.6686844419228,1.00657684955782,341.00899308364,1.0041360360626,0.870002913928121,0.868024473530787
114,Haiti,2031-2040,ssp245,ssp585,27,1707.37633313154,359.235140911159,2066.6114740427,76297.5739634671,1711.83131705206,365.795783166823,2077.62710021888,76405.975314917,0.968872409663283,0.995277926115041,1.07020374811979,0.971268620330737,0.99938708707139,1.06476001684761,4.45498392051695,1.00260925715911,6.56064225566439,1.01826280758342,11.0156261761817,1.0053302840493,108.401351449968,1.00142077061981,0.826171902448396,0.82393578562376
114,Haiti,2041-2050,ssp245,ssp585,27,1622.10162546241,416.960709132316,2039.06233459473,67866.4006069171,1691.07077045108,428.310834726243,2119.38160517732,69190.23761198,0.961153238705328,1.02921334152903,1.18125901741151,0.983239980990481,1.02995422395659,1.1621398028419,68.9691449886702,1.0425183871997,11.3501255939274,1.02722109144899,80.3192705825975,1.03939029681433,1323.83700506292,1.01950651564285,0.795513505370502,0.797907637926108
125,Colombia,2022-2030,ssp245,ssp585,27,915.04109004637,4967.48193491066,5882.52302495703,72699.2945513689,945.833533369964,4932.17838146778,5878.01191483774,72932.2196061668,0.775806511062649,1.06291854846313,1.47649820799223,0.976990689418853,0.999331424011791,1.01579883730211,30.7924433235944,1.03365143233298,-35.3035534428827,0.992893068579722,-4.51111011928788,0.999233133453087,232.925054797961,1.00320395206357,0.155552487625504,0.160910448477047
125,Colombia,2031-2040,ssp245,ssp585,27,1232.73855767689,6547.92079841808,7780.65935609497,95120.9609060799,1418.29836443877,6394.0795208226,7812.37788526136,96891.8543288675,0.869109317942029,1.15315054236847,1.35288935004654,0.983234340426935,1.00473664932337,1.03467242750719,185.559806761878,1.15052648885386,-153.841277595488,0.976505324005652,31.7185291663891,1.0040765862782,1770.89342278765,1.01861727852535,0.158436258581507,0.181545028321594
125,Colombia,2041-2050,ssp245,ssp585,27,1747.43162716564,8309.2083853179,10056.6400124835,122552.388463863,2279.65477739058,7863.88492048221,10143.5396978728,126511.375527381,1.13276612386516,1.27943571955485,1.56667898490594,0.980138091546393,1.00858137113034,1.03183099150832,532.223150224939,1.30457452065705,-445.323464835695,0.946406030010925,86.8996853892368,1.00864102575824,3958.98706351785,1.03230444639343,0.173758991571391,0.224739572702481
135,Brazil,2022-2030,ssp245,ssp585,27,5151.2097540314,13208.1449721103,18359.3547261417,272153.130545836,5300.11040889372,13072.6167621033,18372.727170997,273409.632908278,0.810206225140989,1.04623212876751,1.23355395278781,0.917392683677016,0.992366001884568,1.10474144183316,148.900654862319,1.02890595840051,-135.528210007049,0.989739042818411,13.3724448552784,1.00072837226878,1256.50236244255,1.0046168947604,0.280576841118313,0.288477064921555
135,Brazil,2031-2040,ssp245,ssp585,27,7035.01919127947,16186.9656115463,23221.9848028258,337567.97166328,7875.33932788756,15443.6344876795,23318.973815567,344617.828496212,0.944609245853632,1.13124957667378,1.23755406822312,0.905057028331851,1.00488679749513,1.08872729117447,840.320136608092,1.11944816549324,-743.331123866801,0.95407841458954,96.98901274128,1.00417660305804,7049.85683293204,1.02088425865225,0.302946507415827,0.337722379645635
135,Brazil,2041-2050,ssp245,ssp585,27,9436.86817908663,18727.9928877281,28164.8610668148,401784.517644297,11612.3652565027,17436.5368497722,29048.902106275,427489.573673476,1.01334916968121,1.26557319106496,1.46528829780377,0.950026854525682,1.02909372686321,1.08393312515885,2175.4970774161,1.23053168022812,-1291.4560379559,0.931041407069193,884.041039460197,1.03138808451293,25705.0560291793,1.06397721888312,0.335058218703788,0.399752294046056
145,Kuwait,2022-2030,ssp245,ssp585,27,392.920032784142,200.013769286843,592.933802070985,12000.5179883818,404.84194651266,192.281502104375,597.123448617035,12139.1453260899,0.942764895944945,1.00884548156229,1.25049352115464,0.947564014003613,0.998109489710417,1.1047801969945,11.9219137285181,1.03034183226557,-7.73226718246747,0.961341325599547,4.18964654605054,1.00706596003031,138.627337708103,1.01155177950171,0.662670995331621,0.677987018346528
145,Kuwait,2031-2040,ssp245,ssp585,27,677.471233208506,307.062199700434,984.53343290894,18335.3582669953,712.593578684622,296.815890435349,1009.40946911997,18885.5949272852,0.912599110809596,1.06397496155296,1.12620714659507,0.939949995074619,1.02643970024548,1.07511780513144,35.122345476116,1.05184330161116,-10.2463092650852,0.96663116047797,24.8760362110304,1.0252668272905,550.236660289938,1.03000959415559,0.688113994470278,0.705950954973584
145,Kuwait,2041-2050,ssp245,ssp585,27,1219.26811278548,488.207600794127,1707.47571357961,27777.4209052952,1307.54191700361,456.832632929608,1764.37454993322,28845.0881091728,0.978855861695848,1.06257773547062,1.21394559068699,0.980931982049982,1.03337226273193,1.10446381910749,88.2738042181247,1.07239900994086,-31.3749678645194,0.935734372399192,56.8988363536057,1.03332336495394,1067.66720387759,1.03843651314921,0.714076401256313,0.74107956105641
163,India,2022-2030,ssp245,ssp585,27,150467.082754627,97757.2689666982,248224.351721325,4318273.49203124,150299.873386719,98882.7622742421,249182.635660961,4331716.45520165,0.853773231896251,1.01214395688865,1.21037997148429,0.916602380592514,1.00675569152363,1.08459441681222,-167.209367907286,0.998888731243763,1125.49330754393,1.01151314188132,958.283939636574,1.00386055571499,13442.9631704092,1.00311304117148,0.606173736425152,0.603171537166088
163,India,2031-2040,ssp245,ssp585,27,181692.529809425,107918.210643898,289610.740453323,4815014.81172835,190560.113946832,105677.908567553,296238.022514385,4943468.48925691,0.903300027296234,1.03291859172378,1.26459256037245,0.967253561475918,1.02466999389065,1.12297146379438,8867.58413740722,1.04880544151545,-2240.30207634467,0.979240741085514,6627.28206106264,1.02288341257886,128453.677528563,1.0266777325826,0.62736806488953,0.643266898453518
163,India,2041-2050,ssp245,ssp585,27,232400.189729785,110823.896220864,343224.085950649,5508674.50367537,256352.658525899,102611.899985909,358964.558511808,5816400.97115991,0.975751670538151,1.0979480672919,1.21496637239703,0.974921747308893,1.04184853556438,1.13660148571009,23952.4687961139,1.10306561635756,-8211.99623495499,0.925900491545712,15740.4725611589,1.04586062926663,307726.467484535,1.05586216199182,0.677109210112956,0.714144760108585
190,Uganda,2022-2030,ssp245,ssp585,27,122.562815492702,654.457516335348,777.020331828049,11335.7494947705,121.452896652347,644.002004288124,765.454900940471,11111.3276114458,0.605933394752011,1.04203279493363,1.58019539269324,0.849798082841821,0.980539319461301,1.17657470361194,-1.10991884035454,0.990944081727458,-10.4555120472232,0.984024154683456,-11.5654308875777,0.985115665042679,-224.421883324712,0.9802022898064,0.157734373828231,0.158667606025025
190,Uganda,2031-2040,ssp245,ssp585,27,165.173837399236,700.383752040276,865.557589439512,11763.2401105088,177.575872914246,679.534060165531,857.109933079777,11842.7237772614,0.73355532774434,1.06181772506929,1.54650912306591,0.903386132294189,0.983204452326328,1.11460160504542,12.4020355150097,1.07508474532219,-20.8496918747447,0.970231045745982,-8.44765635973499,0.990240214559028,79.4836667526761,1.00675695352692,0.19082940224254,0.207179809801268
190,Uganda,2041-2050,ssp245,ssp585,27,263.25831294879,837.773408395387,1101.03172134418,14971.0178843968,303.156854274201,738.059065491337,1041.21591976554,14971.442790921,0.608096885953508,1.14723209716322,2.1505575034563,0.867835250369577,0.940181913371475,1.02447344131346,39.8985413254108,1.15155662466458,-99.7143429040492,0.880976954025033,-59.8158015786385,0.945672953449867,0.424906524123799,1.00002838193952,0.239101478954117,0.291156568507391
214,Nigeria,2022-2030,ssp245,ssp585,27,12734.9518364501,1219.1134745779,13954.065311028,394652.010234362,12596.2416647037,1195.74557633836,13791.9872410421,390010.951618642,0.868036246622729,0.992180946883295,1.17829731145321,0.886072487084594,0.992402104244164,1.14382652310593,-138.710171746354,0.98910791548113,-23.3678982395395,0.980832056468221,-162.078069985893,0.988384885237867,-4641.05861572042,0.98824012422244,0.91263381334367,0.913301429631542
214,Nigeria,2031-2040,ssp245,ssp585,27,16019.7911319361,1469.22937453918,17489.0205064753,387543.308452887,16493.3162119609,1471.84045927748,17965.1566712383,397500.417388504,0.895755388721882,1.03210689813857,1.10361796446478,0.910587093759953,1.03606648572043,1.09364785275784,473.525080024803,1.02955875492539,2.61108473829404,1.00177717978114,476.136164763084,1.02722486171177,9957.10893561662,1.02569289346103,0.915991328731348,0.91807249520769
214,Nigeria,2041-2050,ssp245,ssp585,27,23159.4857904394,2025.00572243079,25184.4915128702,455170.923357391,25258.3686817162,1835.93748128967,27094.3061630058,491333.176721265,0.905552847582019,1.07305350796757,1.28506597428165,0.906160815366515,1.05002967655507,1.24245206115739,2098.88289127675,1.09062735288118,-189.068241141121,0.9066332311821,1909.81465013562,1.07583296447179,36162.2533638743,1.07944763496125,0.919593146385507,0.932238992567508
,All locations,2022-2030,ssp245,ssp585,,256122.816926079,815442.160173551,1071564.97709963,14592662.7586786,258826.276085285,813068.032590952,1071894.30867624,14605824.5936771,,,,,,,2703.45915920584,1.01055532338607,-2374.12758259941,0.997088539569632,329.331576606492,1.00030733701049,13161.8349984977,1.00090194882292,0.239017532673864,0.24146622851737
,All locations,2031-2040,ssp245,ssp585,,320817.562284061,968532.396402976,1289349.95868704,17083191.6105508,341700.130619269,955255.067429352,1296955.19804862,17259124.0451856,,,,,,,20882.5683352078,1.06509172436364,-13277.3289736237,0.986291290799426,7605.23936158442,1.0058985066935,175932.434634876,1.01029856941523,0.248821167691938,0.263463326361146
,All locations,2041-2050,ssp245,ssp585,,418674.189775534,1117874.17451852,1536548.36429405,19963086.1944342,470982.481482792,1084486.10771021,1555468.589193,20384096.9867656,,,,,,,52308.2917072575,1.12493794216286,-33388.0668083085,0.970132535870874,18920.224898949,1.01231345874859,421010.792331394,1.02108946423568,0.272477065808396,0.302791380523566
