location_id,zone,expected_tmrel_c,released_tmrel_c
6,6,19.594,19.1800000000006
6,7,20.097,19.6410000000006
6,8,20.807,20.0930000000006
6,9,19.388,20.3400000000005
6,10,18.574,19.4769999999999
6,11,19.221,19.7389999999999
6,12,20.428,21.2909999999999
6,13,21.789,22.9279999999999
6,14,23.156,24.1799999999999
6,15,24.339,25.123
6,16,25,25.415
6,17,25.11,25.668
6,18,24.933,25.277
6,19,24.568,25.015
6,20,23.807,23.6999999999999
6,21,24.471,24.3929999999999
6,22,25.293,25.4499999999999
6,23,26.206,26.2799999999999
6,24,26.8,27.5099999999999
6,25,26.613,27.0849999999999
6,26,26.03,25.9740000000001
6,27,26.3,26.194
6,28,27.052,26.821
11,6,19.553,18.9100000000006
11,7,20.117,19.2270000000006
11,8,20.812,19.8690000000005
11,9,19.479,20.0440000000005
11,10,18.577,19.1879999999999
11,11,19.166,19.5109999999999
11,12,20.365,21.0929999999999
11,13,21.703,22.7249999999999
11,14,23.056,23.9779999999999
11,15,24.208,25.008
11,16,24.872,25.296
11,17,24.953,25.527
11,18,24.725,25.093
11,19,24.433,24.833
11,20,23.76,23.6569999999999
11,21,24.437,24.4049999999999
11,22,25.27,25.3789999999999
11,23,26.076,26.2749999999999
11,24,26.477,27.2369999999999
11,25,26.408,26.8459999999999
11,26,25.98,25.9260000000001
11,27,26.301,26.15
11,28,27.042,26.779
13,6,18.39,18.4860000000006
13,7,19.467,19.2030000000006
13,8,20.323,19.8600000000005
13,9,19.402,20.3110000000005
13,10,18.693,19.4939999999999
13,11,19.215,19.8989999999999
13,12,20.427,21.3959999999999
13,13,21.812,22.7559999999999
13,14,23.032,24.0229999999999
13,15,23.85,24.666
13,16,24.331,24.827
13,17,24.426,25.01
13,18,24.404,24.877
13,19,24.23,24.467
13,20,23.691,23.6019999999999
13,21,24.413,24.4159999999999
13,22,25.189,25.3299999999999
13,23,25.513,25.9329999999999
13,24,25.757,26.3259999999999
13,25,25.933,26.212
13,26,25.955,25.8820000000001
13,27,26.351,26.088
13,28,27.052,26.671
81,6,18.954,18.5850000000006
81,7,19.882,19.0820000000005
81,8,20.572,19.5990000000005
81,9,19.771,20.1110000000005
81,10,18.869,19.4089999999999
81,11,19.341,19.8339999999999
81,12,20.493,21.3459999999999
81,13,21.841,22.7059999999999
81,14,23.052,23.9959999999999
81,15,23.979,24.803
81,16,24.609,25.18
81,17,24.806,25.502
81,18,24.83,25.423
81,19,24.556,25.11
81,20,23.855,23.9289999999999
81,21,24.47,24.4589999999999
81,22,25.288,25.4459999999999
81,23,26.13,26.3109999999999
81,24,26.514,27.4379999999999
81,25,26.506,27.3479999999999
81,26,26.3,26.3140000000001
81,27,26.586,26.404
81,28,27.27,27.005
102,6,18.481,18.5740000000006
102,7,19.5,18.9710000000005
102,8,20.253,19.7330000000005
102,9,19.432,20.2900000000005
102,10,18.625,19.5379999999999
102,11,19.168,19.9979999999999
102,12,20.357,21.4259999999999
102,13,21.683,22.7989999999999
102,14,22.918,24.0519999999999
102,15,23.896,24.801
102,16,24.521,25.142
102,17,24.73,25.457
102,18,24.819,25.427
102,19,24.524,25.037
102,20,23.804,23.8599999999999
102,21,24.422,24.3849999999999
102,22,25.257,25.3479999999999
102,23,26.093,26.2279999999999
102,24,26.459,27.2179999999999
102,25,26.359,27.1099999999999
102,26,26.097,26.0610000000001
102,27,26.399,26.261
102,28,27.128,26.897
114,6,17.246,17.6080000000006
114,7,18.478,18.0010000000005
114,8,19.41,18.8060000000005
114,9,18.561,19.4920000000005
114,10,17.92,18.8579999999999
114,11,18.59,19.3109999999999
114,12,19.807,20.7569999999999
114,13,20.996,22.2829999999999
114,14,22.169,23.4449999999999
114,15,23.089,24.268
114,16,23.63,24.455
114,17,23.7,24.614
114,18,23.795,24.436
114,19,23.731,24.113
114,20,23.388,23.3089999999999
114,21,24.191,24.2259999999999
114,22,24.812,25.1169999999999
114,23,24.935,25.2819999999999
114,24,25.091,25.3629999999999
114,25,25.242,25.224
114,26,25.381,24.9720000000001
114,27,25.846,25.331
114,28,26.729,26.216
125,6,16.957,17.6030000000006
125,7,18.247,18.0820000000005
125,8,19.262,18.8460000000005
125,9,18.472,19.9210000000005
125,10,18,19.1289999999999
125,11,18.757,19.6629999999999
125,12,20.002,21.0739999999999
125,13,21.275,22.4849999999999
125,14,22.501,23.7709999999999
125,15,23.528,24.522
125,16,24.147,24.857
125,17,24.334,25.093
125,18,24.452,25.085
125,19,24.236,24.64
125,20,23.649,23.6229999999999
125,21,24.349,24.2259999999999
125,22,25.199,25.2269999999999
125,23,25.76,25.9719999999999
125,24,25.844,26.3229999999999
125,25,25.665,25.819
125,26,25.568,25.2210000000001
125,27,25.945,25.518
125,28,26.802,26.443
131,6,17.686,17.8780000000006
131,7,19.056,18.2350000000005
131,8,19.807,19.0400000000005
131,9,19.355,19.9570000000005
131,10,18.505,19.1499999999999
131,11,18.959,19.7019999999999
131,12,20.127,21.0369999999999
131,13,21.373,22.4609999999999
131,14,22.595,23.5849999999999
131,15,23.563,24.457
131,16,24.156,24.849
131,17,24.327,25.111
131,18,24.387,25.104
131,19,24.202,24.612
131,20,23.587,23.6079999999999
131,21,24.268,24.2499999999999
131,22,25.154,25.2339999999999
131,23,25.616,26.0559999999999
131,24,25.758,26.5149999999999
131,25,25.763,26.244
131,26,25.647,25.6030000000001
131,27,26.087,25.922
131,28,26.886,26.669
135,6,17.702,18.1350000000006
135,7,18.953,18.5260000000005
135,8,19.9,19.4750000000005
135,9,19.195,20.2120000000005
135,10,18.451,19.5289999999999
135,11,18.946,19.7819999999999
135,12,20.198,21.2079999999999
135,13,21.576,22.7549999999999
135,14,22.76,23.8729999999999
135,15,23.607,24.615
135,16,24.067,24.81
135,17,24.123,24.972
135,18,24.116,24.814
135,19,23.957,24.386
135,20,23.49,23.4659999999999
135,21,24.244,24.2629999999999
135,22,25.05,25.2079999999999
135,23,25.242,25.6679999999999
135,24,25.371,25.9329999999999
135,25,25.517,25.547
135,26,25.558,25.3200000000001
135,27,25.919,25.568
135,28,26.717,26.37
145,6,17.594,17.6610000000006
145,7,18.842,18.0640000000005
145,8,19.69,18.8870000000005
145,9,18.989,19.7880000000005
145,10,18.374,18.9289999999999
145,11,19.004,19.5729999999999
145,12,20.226,21.0189999999999
145,13,21.445,22.3179999999999
145,14,22.643,23.6799999999999
145,15,23.535,24.444
145,16,24.196,24.78
145,17,24.444,25.107
145,18,24.585,25.131
145,19,24.427,24.828
145,20,23.897,23.8439999999999
145,21,24.545,24.4969999999999
145,22,25.327,25.4139999999999
145,23,25.889,26.2779999999999
145,24,26.077,26.9349999999999
145,25,26.033,26.7629999999999
145,26,26.005,25.8890000000001
145,27,26.347,26.008
145,28,27.067,26.69
163,6,18.372,18.7690000000006
163,7,19.328,19.2560000000006
163,8,20.151,20.0570000000005
163,9,19.215,20.5310000000006
163,10,18.494,19.7949999999999
163,11,19.068,20.1529999999999
163,12,20.262,21.4929999999999
163,13,21.614,22.9559999999999
163,14,22.85,24.1039999999999
163,15,23.789,24.754
163,16,24.343,24.986
163,17,24.52,25.251
163,18,24.61,25.151
163,19,24.322,24.755
163,20,23.642,23.6359999999999
163,21,24.329,24.2839999999999
163,22,25.19,25.2379999999999
163,23,25.847,26.0379999999999
163,24,26.063,26.6049999999999
163,25,26.078,26.433
163,26,25.926,25.8340000000001
163,27,26.272,26.165
163,28,27.049,26.79
171,6,16.913,17.4240000000006
171,7,18.363,18.1390000000005
171,8,19.407,19.0530000000005
171,9,18.923,20.1530000000005
171,10,18.435,19.1579999999999
171,11,18.932,19.5749999999999
171,12,20.15,20.8909999999999
171,13,21.444,22.5159999999999
171,14,22.52,23.5559999999999
171,15,23.223,24.176
171,16,23.594,24.282
171,17,23.657,24.422
171,18,23.764,24.393
171,19,23.776,24.096
171,20,23.427,23.4009999999999
171,21,24.208,24.3229999999999
171,22,24.632,25.0129999999999
171,23,24.667,25.0599999999999
171,24,24.843,25.0969999999999
171,25,25.052,24.857
171,26,25.002,24.5360000000001
171,27,25.31,24.73
171,28,26.291,25.855
190,6,17.284,17.7290000000006
190,7,18.7,18.2340000000005
190,8,19.673,19.2440000000005
190,9,19.139,20.1930000000005
190,10,18.548,19.4819999999999
190,11,18.982,19.7779999999999
190,12,20.205,21.0819999999999
190,13,21.536,22.6179999999999
190,14,22.625,23.6039999999999
190,15,23.301,24.203
190,16,23.622,24.247
190,17,23.611,24.325
190,18,23.659,24.229
190,19,23.735,23.999
190,20,23.411,23.3409999999999
190,21,24.173,24.3119999999999
190,22,24.483,24.7589999999999
190,23,24.521,24.7909999999999
190,24,24.712,24.9669999999999
190,25,24.984,24.616
190,26,25.038,24.5540000000001
190,27,25.36,24.835
190,28,26.355,25.902
213,6,17.927,18.3400000000006
213,7,19.244,19.2290000000006
213,8,20.227,20.4920000000006
213,9,19.624,20.4740000000005
213,10,19.124,20.0709999999999
213,11,19.533,20.2449999999999
213,12,20.719,21.6299999999999
213,13,22.061,22.8959999999999
213,14,23.037,23.9129999999999
213,15,23.464,24.28
213,16,23.574,24.125
213,17,23.447,24.094
213,18,23.4,23.923
213,19,23.746,23.997
213,20,23.534,23.5039999999999
213,21,24.038,24.3189999999999
213,22,24.128,24.4569999999999
213,23,24.225,24.4879999999999
213,24,24.579,24.6499999999999
213,25,24.959,24.529
213,26,24.835,24.4780000000001
213,27,25.161,24.712
213,28,26.398,26.068
214,6,18.063,18.3530000000006
214,7,19.377,19.2820000000006
214,8,20.334,20.3820000000006
214,9,19.785,20.4820000000005
214,10,19.202,20.0489999999999
214,11,19.557,20.2419999999999
214,12,20.769,21.5909999999999
214,13,22.148,22.9159999999999
214,14,23.167,23.9649999999999
214,15,23.644,24.433
214,16,23.83,24.376
214,17,23.754,24.4
214,18,23.683,24.26
214,19,23.895,24.114
214,20,23.605,23.5299999999999
214,21,24.308,24.4439999999999
214,22,24.534,24.9049999999999
214,23,24.635,25.0049999999999
214,24,24.915,25.2689999999999
214,25,25.412,25.299
214,26,25.554,25.4110000000001
214,27,25.792,25.384
214,28,26.638,26.225
