year_id,age_group_id,sex_id,ex,location_id
1990,0,1,75.6213,367
1990,0,2,83.3509,367
1990,5,1,71.6081,367
1990,5,2,79.059,367
1990,10,1,66.6865,367
1990,10,2,74.1107,367
1990,15,1,61.7498,367
1990,15,2,69.1487,367
1990,20,1,56.87,367
1990,20,2,64.2063,367
1990,25,1,52.0232,367
1990,25,2,59.2827,367
1990,30,1,47.1571,367
1990,30,2,54.3688,367
1990,35,1,42.2919,367
1990,35,2,49.4658,367
1990,40,1,37.4534,367
1990,40,2,44.5835,367
1990,45,1,32.6829,367
1990,45,2,39.7365,367
1990,50,1,28.0497,367
1990,50,2,34.9516,367
1990,55,1,23.6035,367
1990,55,2,30.2397,367
1990,60,1,19.4432,367
1990,60,2,25.6272,367
1990,65,1,15.5851,367
1990,65,2,21.1486,367
1990,70,1,12.1196,367
1990,70,2,16.9398,367
1990,75,1,9.1213,367
1990,75,2,13.1129,367
1990,80,1,6.603,367
1990,80,2,9.785,367
1991,0,1,75.8784,367
1991,0,2,83.7429,367
1991,5,1,71.8365,367
1991,5,2,79.4232,367
1991,10,1,66.9126,367
1991,10,2,74.4728,367
1991,15,1,61.9741,367
1991,15,2,69.5092,367
1991,20,1,57.0909,367
1991,20,2,64.5642,367
1991,25,1,52.2399,367
1991,25,2,59.6372,367
1991,30,1,47.3699,367
1991,30,2,54.7196,367
1991,35,1,42.5009,367
1991,35,2,49.8124,367
1991,40,1,37.658,367
1991,40,2,44.9251,367
1991,45,1,32.8815,367
1991,45,2,40.0717,367
1991,50,1,28.2397,367
1991,50,2,35.2779,367
1991,55,1,23.7814,367
1991,55,2,30.5545,367
1991,60,1,19.6052,367
1991,60,2,25.9268,367
1991,65,1,15.7276,367
1991,65,2,21.4285,367
1991,70,1,12.2403,367
1991,70,2,17.1938,367
1991,75,1,9.2192,367
1991,75,2,13.3346,367
1991,80,1,6.678,367
1991,80,2,9.9695,367
1992,0,1,76.135,367
1992,0,2,84.1204,367
1992,5,1,72.065,367
1992,5,2,79.7745,367
1992,10,1,67.1388,367
1992,10,2,74.8221,367
1992,15,1,62.1984,367
1992,15,2,69.8569,367
1992,20,1,57.3119,367
1992,20,2,64.9096,367
1992,25,1,52.4567,367
1992,25,2,59.9795,367
1992,30,1,47.5831,367
1992,30,2,55.0583,367
1992,35,1,42.7103,367
1992,35,2,50.1472,367
1992,40,1,37.8631,367
1992,40,2,45.2553,367
1992,45,1,33.0807,367
1992,45,2,40.3958,367
1992,50,1,28.4303,367
1992,50,2,35.5938,367
1992,55,1,23.9602,367
1992,55,2,30.8594,367
1992,60,1,19.7683,367
1992,60,2,26.2176,367
1992,65,1,15.8712,367
1992,65,2,21.7007,367
1992,70,1,12.3621,367
1992,70,2,17.4414,367
1992,75,1,9.3182,367
1992,75,2,13.5513,367
1992,80,1,6.7539,367
1992,80,2,10.1504,367
1993,0,1,76.3999,367
1993,0,2,84.4517,367
1993,5,1,72.3013,367
1993,5,2,80.0834,367
1993,10,1,67.3729,367
1993,10,2,75.1293,367
1993,15,1,62.4307,367
1993,15,2,70.1629,367
1993,20,1,57.5408,367
1993,20,2,65.2135,367
1993,25,1,52.6813,367
1993,25,2,60.2807,367
1993,30,1,47.8039,367
1993,30,2,55.3566,367
1993,35,1,42.9274,367
1993,35,2,50.4422,367
1993,40,1,38.0758,367
1993,40,2,45.5462,367
1993,45,1,33.2874,367
1993,45,2,40.6816,367
1993,50,1,28.6283,367
1993,50,2,35.8724,367
1993,55,1,24.146,367
1993,55,2,31.1288,367
1993,60,1,19.938,367
1993,60,2,26.4747,367
1993,65,1,16.0208,367
1993,65,2,21.9419,367
1993,70,1,12.4893,367
1993,70,2,17.6612,367
1993,75,1,9.4218,367
1993,75,2,13.7443,367
1993,80,1,6.8335,367
1993,80,2,10.3119,367
1994,0,1,76.6886,367
1994,0,2,84.73,367
1994,5,1,72.5597,367
1994,5,2,80.3434,367
1994,10,1,67.6288,367
1994,10,2,75.3879,367
1994,15,1,62.6846,367
1994,15,2,70.4204,367
1994,20,1,57.7912,367
1994,20,2,65.4693,367
1994,25,1,52.9271,367
1994,25,2,60.5343,367
1994,30,1,48.0457,367
1994,30,2,55.6077,367
1994,35,1,43.1651,367
1994,35,2,50.6906,367
1994,40,1,38.3088,367
1994,40,2,45.7913,367
1994,45,1,33.514,367
1994,45,2,40.9225,367
1994,50,1,28.8455,367
1994,50,2,36.1075,367
1994,55,1,24.3502,367
1994,55,2,31.3562,367
1994,60,1,20.1246,367
1994,60,2,26.692,367
1994,65,1,16.1857,367
1994,65,2,22.146,367
1994,70,1,12.6298,367
1994,70,2,17.8477,367
1994,75,1,9.5363,367
1994,75,2,13.9083,367
1994,80,1,6.9217,367
1994,80,2,10.4496,367
1995,0,1,76.9533,367
1995,0,2,84.9492,367
1995,5,1,72.7971,367
1995,5,2,80.5482,367
1995,10,1,67.864,367
1995,10,2,75.5917,367
1995,15,1,62.918,367
1995,15,2,70.6233,367
1995,20,1,58.0213,367
1995,20,2,65.671,367
1995,25,1,53.1533,367
1995,25,2,60.7343,367
1995,30,1,48.2682,367
1995,30,2,55.8058,367
1995,35,1,43.384,367
1995,35,2,50.8865,367
1995,40,1,38.5234,367
1995,40,2,45.9847,367
1995,45,1,33.7229,367
1995,45,2,41.1127,367
1995,50,1,29.0459,367
1995,50,2,36.2932,367
1995,55,1,24.5387,367
1995,55,2,31.5359,367
1995,60,1,20.2972,367
1995,60,2,26.8639,367
1995,65,1,16.3385,367
1995,65,2,22.3077,367
1995,70,1,12.7601,367
1995,70,2,17.9956,367
1995,75,1,9.6427,367
1995,75,2,14.0388,367
1995,80,1,7.0038,367
1995,80,2,10.5592,367
1996,0,1,77.219,367
1996,0,2,85.1347,367
1996,5,1,73.036,367
1996,5,2,80.7218,367
1996,10,1,68.1008,367
1996,10,2,75.7643,367
1996,15,1,63.1531,367
1996,15,2,70.7953,367
1996,20,1,58.2532,367
1996,20,2,65.8419,367
1996,25,1,53.3811,367
1996,25,2,60.9038,367
1996,30,1,48.4925,367
1996,30,2,55.9737,367
1996,35,1,43.6047,367
1996,35,2,51.0527,367
1996,40,1,38.74,367
1996,40,2,46.1487,367
1996,45,1,33.9337,367
1996,45,2,41.2739,367
1996,50,1,29.2483,367
1996,50,2,36.4506,367
1996,55,1,24.7293,367
1996,55,2,31.6884,367
1996,60,1,20.472,367
1996,60,2,27.0099,367
1996,65,1,16.4934,367
1996,65,2,22.4451,367
1996,70,1,12.8925,367
1996,70,2,18.1215,367
1996,75,1,9.7511,367
1996,75,2,14.1498,367
1996,80,1,7.0875,367
1996,80,2,10.6527,367
1997,0,1,77.4919,367
1997,0,2,85.2997,367
1997,5,1,73.2819,367
1997,5,2,80.8763,367
1997,10,1,68.3445,367
1997,10,2,75.918,367
1997,15,1,63.3951,367
1997,15,2,70.9484,367
1997,20,1,58.492,367
1997,20,2,65.9941,367
1997,25,1,53.6158,367
1997,25,2,61.0547,367
1997,30,1,48.7237,367
1997,30,2,56.1232,367
1997,35,1,43.8322,367
1997,35,2,51.2007,367
1997,40,1,38.9633,367
1997,40,2,46.2949,367
1997,45,1,34.1513,367
1997,45,2,41.4177,367
1997,50,1,29.4574,367
1997,50,2,36.5911,367
1997,55,1,24.9264,367
1997,55,2,31.8245,367
1997,60,1,20.653,367
1997,60,2,27.1402,367
1997,65,1,16.6541,367
1997,65,2,22.5678,367
1997,70,1,13.0301,367
1997,70,2,18.234,367
1997,75,1,9.8639,367
1997,75,2,14.2492,367
1997,80,1,7.1748,367
1997,80,2,10.7365,367
1998,0,1,77.8271,367
1998,0,2,85.4375,367
1998,5,1,73.5902,367
1998,5,2,81.0054,367
1998,10,1,68.6507,367
1998,10,2,76.0465,367
1998,15,1,63.6996,367
1998,15,2,71.0764,367
1998,20,1,58.7932,367
1998,20,2,66.1213,367
1998,25,1,53.9129,367
1998,25,2,61.1809,367
1998,30,1,49.0171,367
1998,30,2,56.2483,367
1998,35,1,44.122,367
1998,35,2,51.3244,367
1998,40,1,39.2488,367
1998,40,2,46.4171,367
1998,45,1,34.4309,367
1998,45,2,41.5379,367
1998,50,1,29.7275,367
1998,50,2,36.7085,367
1998,55,1,25.1829,367
1998,55,2,31.9383,367
1998,60,1,20.8898,367
1998,60,2,27.2493,367
1998,65,1,16.8655,367
1998,65,2,22.6707,367
1998,70,1,13.212,367
1998,70,2,18.3284,367
1998,75,1,10.0136,367
1998,75,2,14.3326,367
1998,80,1,7.2919,367
1998,80,2,10.8069,367
1999,0,1,78.1424,367
1999,0,2,85.5459,367
1999,5,1,73.8827,367
1999,5,2,81.107,367
1999,10,1,68.9415,367
1999,10,2,76.1476,367
1999,15,1,63.9889,367
1999,15,2,71.1771,367
1999,20,1,59.0796,367
1999,20,2,66.2214,367
1999,25,1,54.1957,367
1999,25,2,61.2802,367
1999,30,1,49.2968,367
1999,30,2,56.3467,367
1999,35,1,44.3986,367
1999,35,2,51.4218,367
1999,40,1,39.5218,367
1999,40,2,46.5133,367
1999,45,1,34.6986,367
1999,45,2,41.6326,367
1999,50,1,29.987,367
1999,50,2,36.8011,367
1999,55,1,25.4299,367
1999,55,2,32.0281,367
1999,60,1,21.1186,367
1999,60,2,27.3353,367
1999,65,1,17.0704,367
1999,65,2,22.7518,367
1999,70,1,13.3889,367
1999,70,2,18.4029,367
1999,75,1,10.1598,367
1999,75,2,14.3986,367
1999,80,1,7.4067,367
1999,80,2,10.8626,367
2000,0,1,78.4675,367
2000,0,2,85.8041,367
2000,5,1,74.1848,367
2000,5,2,81.3493,367
2000,10,1,69.2418,367
2000,10,2,76.3886,367
2000,15,1,64.2878,367
2000,15,2,71.4172,367
2000,20,1,59.3757,367
2000,20,2,66.4601,367
2000,25,1,54.4881,367
2000,25,2,61.5171,367
2000,30,1,49.5861,367
2000,30,2,56.5815,367
2000,35,1,44.6848,367
2000,35,2,51.6543,367
2000,40,1,39.8043,367
2000,40,2,46.7429,367
2000,45,1,34.9758,367
2000,45,2,41.8586,367
2000,50,1,30.2557,367
2000,50,2,37.0221,367
2000,55,1,25.686,367
2000,55,2,32.2424,367
2000,60,1,21.3562,367
2000,60,2,27.5409,367
2000,65,1,17.2836,367
2000,65,2,22.946,367
2000,70,1,13.5734,367
2000,70,2,18.5814,367
2000,75,1,10.3125,367
2000,75,2,14.5568,367
2000,80,1,7.527,367
2000,80,2,10.9964,367
2001,0,1,78.7546,367
2001,0,2,86.2714,367
2001,5,1,74.4519,367
2001,5,2,81.7885,367
2001,10,1,69.5075,367
2001,10,2,76.8257,367
2001,15,1,64.5522,367
2001,15,2,71.8528,367
2001,20,1,59.6376,367
2001,20,2,66.8932,367
2001,25,1,54.7469,367
2001,25,2,61.9469,367
2001,30,1,49.8422,367
2001,30,2,57.0076,367
2001,35,1,44.9381,367
2001,35,2,52.0763,367
2001,40,1,40.0544,367
2001,40,2,47.16,367
2001,45,1,35.2213,367
2001,45,2,42.2693,367
2001,50,1,30.4939,367
2001,50,2,37.424,367
2001,55,1,25.9133,367
2001,55,2,32.6326,367
2001,60,1,21.5673,367
2001,60,2,27.9157,367
2001,65,1,17.4734,367
2001,65,2,23.3004,367
2001,70,1,13.738,367
2001,70,2,18.908,367
2001,75,1,10.4492,367
2001,75,2,14.8471,367
2001,80,1,7.6349,367
2001,80,2,11.2427,367
2002,0,1,79.1966,367
2002,0,2,86.9948,367
2002,5,1,74.8639,367
2002,5,2,82.4704,367
2002,10,1,69.9172,367
2002,10,2,77.5046,367
2002,15,1,64.9601,367
2002,15,2,72.5292,367
2002,20,1,60.0417,367
2002,20,2,67.566,367
2002,25,1,55.1462,367
2002,25,2,62.6149,367
2002,30,1,50.2374,367
2002,30,2,57.6702,367
2002,35,1,45.3293,367
2002,35,2,52.7329,367
2002,40,1,40.4407,367
2002,40,2,47.8093,367
2002,45,1,35.6008,367
2002,45,2,42.9093,367
2002,50,1,30.8622,367
2002,50,2,38.0509,367
2002,55,1,26.2651,367
2002,55,2,33.2423,367
2002,60,1,21.8946,367
2002,60,2,28.5025,367
2002,65,1,17.7684,367
2002,65,2,23.857,367
2002,70,1,13.9945,367
2002,70,2,19.4227,367
2002,75,1,10.6627,367
2002,75,2,15.3066,367
2002,80,1,7.804,367
2002,80,2,11.6345,367
2003,0,1,79.7297,367
2003,0,2,87.5691,367
2003,5,1,75.362,367
2003,5,2,83.0134,367
2003,10,1,70.4127,367
2003,10,2,78.0453,367
2003,15,1,65.4534,367
2003,15,2,73.0682,367
2003,20,1,60.5306,367
2003,20,2,68.1022,367
2003,25,1,55.6296,367
2003,25,2,63.1475,367
2003,30,1,50.7161,367
2003,30,2,58.1988,367
2003,35,1,45.8032,367
2003,35,2,53.257,367
2003,40,1,40.9089,367
2003,40,2,48.328,367
2003,45,1,36.0609,367
2003,45,2,43.4209,367
2003,50,1,31.3093,367
2003,50,2,38.5527,367
2003,55,1,26.6927,367
2003,55,2,33.7311,367
2003,60,1,22.2933,367
2003,60,2,28.974,367
2003,65,1,18.1289,367
2003,65,2,24.3056,367
2003,70,1,14.309,367
2003,70,2,19.8391,367
2003,75,1,10.9255,367
2003,75,2,15.6801,367
2003,80,1,8.0129,367
2003,80,2,11.9548,367
2004,0,1,80.4117,367
2004,0,2,87.9029,367
2004,5,1,76.004,367
2004,5,2,83.3301,367
2004,10,1,71.0514,367
2004,10,2,78.3606,367
2004,15,1,66.0894,367
2004,15,2,73.3826,367
2004,20,1,61.1613,367
2004,20,2,68.4151,367
2004,25,1,56.2536,367
2004,25,2,63.4584,367
2004,30,1,51.3342,367
2004,30,2,58.5075,367
2004,35,1,46.4156,367
2004,35,2,53.5631,367
2004,40,1,41.5144,367
2004,40,2,48.6311,367
2004,45,1,36.6565,367
2004,45,2,43.7201,367
2004,50,1,31.8891,367
2004,50,2,38.8464,367
2004,55,1,27.2487,367
2004,55,2,34.0176,367
2004,60,1,22.8136,367
2004,60,2,29.2508,367
2004,65,1,18.6013,367
2004,65,2,24.5696,367
2004,70,1,14.7234,367
2004,70,2,20.085,367
2004,75,1,11.2736,367
2004,75,2,15.9015,367
2004,80,1,8.292,367
2004,80,2,12.1455,367
2005,0,1,80.841,367
2005,0,2,87.8112,367
2005,5,1,76.4099,367
2005,5,2,83.2431,367
2005,10,1,71.4554,367
2005,10,2,78.2739,367
2005,15,1,66.4917,367
2005,15,2,73.2961,367
2005,20,1,61.5604,367
2005,20,2,68.3291,367
2005,25,1,56.6487,367
2005,25,2,63.3729,367
2005,30,1,51.7258,367
2005,30,2,58.4226,367
2005,35,1,46.8037,367
2005,35,2,53.4789,367
2005,40,1,41.8983,367
2005,40,2,48.5477,367
2005,45,1,37.0345,367
2005,45,2,43.6378,367
2005,50,1,32.2576,367
2005,50,2,38.7656,367
2005,55,1,27.6028,367
2005,55,2,33.9387,367
2005,60,1,23.1458,367
2005,60,2,29.1746,367
2005,65,1,18.9042,367
2005,65,2,24.4969,367
2005,70,1,14.9903,367
2005,70,2,20.0172,367
2005,75,1,11.4989,367
2005,75,2,15.8404,367
2005,80,1,8.4737,367
2005,80,2,12.0928,367
2006,0,1,80.8523,367
2006,0,2,87.5459,367
2006,5,1,76.4205,367
2006,5,2,82.9915,367
2006,10,1,71.466,367
2006,10,2,78.0234,367
2006,15,1,66.5023,367
2006,15,2,73.0464,367
2006,20,1,61.5709,367
2006,20,2,68.0805,367
2006,25,1,56.659,367
2006,25,2,63.126,367
2006,30,1,51.7361,367
2006,30,2,58.1775,367
2006,35,1,46.8138,367
2006,35,2,53.2358,367
2006,40,1,41.9084,367
2006,40,2,48.307,367
2006,45,1,37.0444,367
2006,45,2,43.4002,367
2006,50,1,32.2673,367
2006,50,2,38.5323,367
2006,55,1,27.6121,367
2006,55,2,33.7113,367
2006,60,1,23.1545,367
2006,60,2,28.9548,367
2006,65,1,18.9122,367
2006,65,2,24.2873,367
2006,70,1,14.9974,367
2006,70,2,19.8221,367
2006,75,1,11.5049,367
2006,75,2,15.6649,367
2006,80,1,8.4785,367
2006,80,2,11.9417,367
2007,0,1,80.6609,367
2007,0,2,87.2218,367
2007,5,1,76.2394,367
2007,5,2,82.6848,367
2007,10,1,71.2858,367
2007,10,2,77.718,367
2007,15,1,66.3228,367
2007,15,2,72.742,367
2007,20,1,61.3928,367
2007,20,2,67.7777,367
2007,25,1,56.4827,367
2007,25,2,62.8251,367
2007,30,1,51.5613,367
2007,30,2,57.8789,367
2007,35,1,46.6406,367
2007,35,2,52.9397,367
2007,40,1,41.737,367
2007,40,2,48.0139,367
2007,45,1,36.8757,367
2007,45,2,43.1111,367
2007,50,1,32.1028,367
2007,50,2,38.2487,367
2007,55,1,27.4539,367
2007,55,2,33.4349,367
2007,60,1,23.0061,367
2007,60,2,28.6882,367
2007,65,1,18.7767,367
2007,65,2,24.0336,367
2007,70,1,14.8779,367
2007,70,2,19.5864,367
2007,75,1,11.4039,367
2007,75,2,15.4532,367
2007,80,1,8.397,367
2007,80,2,11.76,367
2008,0,1,80.7285,367
2008,0,2,87.0274,367
2008,5,1,76.3034,367
2008,5,2,82.5011,367
2008,10,1,71.3495,367
2008,10,2,77.5351,367
2008,15,1,66.3862,367
2008,15,2,72.5597,367
2008,20,1,61.4557,367
2008,20,2,67.5963,367
2008,25,1,56.545,367
2008,25,2,62.645,367
2008,30,1,51.6231,367
2008,30,2,57.7001,367
2008,35,1,46.7018,367
2008,35,2,52.7625,367
2008,40,1,41.7976,367
2008,40,2,47.8386,367
2008,45,1,36.9353,367
2008,45,2,42.9382,367
2008,50,1,32.1609,367
2008,50,2,38.0792,367
2008,55,1,27.5098,367
2008,55,2,33.2699,367
2008,60,1,23.0585,367
2008,60,2,28.5291,367
2008,65,1,18.8245,367
2008,65,2,23.8823,367
2008,70,1,14.9201,367
2008,70,2,19.4461,367
2008,75,1,11.4395,367
2008,75,2,15.3275,367
2008,80,1,8.4257,367
2008,80,2,11.6524,367
2009,0,1,81.465,367
2009,0,2,86.9514,367
2009,5,1,77.001,367
2009,5,2,82.4294,367
2009,10,1,72.0438,367
2009,10,2,77.4637,367
2009,15,1,67.0778,367
2009,15,2,72.4885,367
2009,20,1,62.142,367
2009,20,2,67.5255,367
2009,25,1,57.2246,367
2009,25,2,62.5747,367
2009,30,1,52.2969,367
2009,30,2,57.6303,367
2009,35,1,47.3698,367
2009,35,2,52.6934,367
2009,40,1,42.4586,367
2009,40,2,47.7702,367
2009,45,1,37.5865,367
2009,45,2,42.8707,367
2009,50,1,32.7962,367
2009,50,2,38.0131,367
2009,55,1,28.1211,367
2009,55,2,33.2055,367
2009,60,1,23.6332,367
2009,60,2,28.467,367
2009,65,1,19.35,367
2009,65,2,23.8233,367
2009,70,1,15.3847,367
2009,70,2,19.3915,367
2009,75,1,11.8333,367
2009,75,2,15.2786,367
2009,80,1,8.7446,367
2009,80,2,11.6106,367
2010,0,1,82.2414,367
2010,0,2,87.0707,367
2010,5,1,77.7384,367
2010,5,2,82.542,367
2010,10,1,72.7779,367
2010,10,2,77.5759,367
2010,15,1,67.8093,367
2010,15,2,72.6003,367
2010,20,1,62.8682,367
2010,20,2,67.6367,367
2010,25,1,57.9441,367
2010,25,2,62.6851,367
2010,30,1,53.0106,367
2010,30,2,57.7399,367
2010,35,1,48.0778,367
2010,35,2,52.802,367
2010,40,1,43.1596,367
2010,40,2,47.8777,367
2010,45,1,38.2776,367
2010,45,2,42.9767,367
2010,50,1,33.4714,367
2010,50,2,38.1169,367
2010,55,1,28.772,367
2010,55,2,33.3066,367
2010,60,1,24.2472,367
2010,60,2,28.5645,367
2010,65,1,19.914,367
2010,65,2,23.9159,367
2010,70,1,15.886,367
2010,70,2,19.4773,367
2010,75,1,12.2608,367
2010,75,2,15.3554,367
2010,80,1,9.0931,367
2010,80,2,11.6763,367
2011,0,1,82.7869,367
2011,0,2,87.2756,367
2011,5,1,78.257,367
2011,5,2,82.7357,367
2011,10,1,73.2943,367
2011,10,2,77.7687,367
2011,15,1,68.3239,367
2011,15,2,72.7925,367
2011,20,1,63.3792,367
2011,20,2,67.8279,367
2011,25,1,58.4505,367
2011,25,2,62.875,367
2011,30,1,53.513,367
2011,30,2,57.9283,367
2011,35,1,48.5763,367
2011,35,2,52.9888,367
2011,40,1,43.6534,367
2011,40,2,48.0625,367
2011,45,1,38.7647,367
2011,45,2,43.159,367
2011,50,1,33.9476,367
2011,50,2,38.2957,367
2011,55,1,29.2318,367
2011,55,2,33.4807,367
2011,60,1,24.6817,367
2011,60,2,28.7323,367
2011,65,1,20.3144,367
2011,65,2,24.0755,367
2011,70,1,16.2433,367
2011,70,2,19.6253,367
2011,75,1,12.5667,367
2011,75,2,15.4882,367
2011,80,1,9.3434,367
2011,80,2,11.79,367
2012,0,1,82.6494,367
2012,0,2,87.6038,367
2012,5,1,78.1263,367
2012,5,2,83.0463,367
2012,10,1,73.1642,367
2012,10,2,78.078,367
2012,15,1,68.1942,367
2012,15,2,73.1008,367
2012,20,1,63.2505,367
2012,20,2,68.1347,367
2012,25,1,58.3229,367
2012,25,2,63.1798,367
2012,30,1,53.3864,367
2012,30,2,58.2309,367
2012,35,1,48.4507,367
2012,35,2,53.2888,367
2012,40,1,43.529,367
2012,40,2,48.3594,367
2012,45,1,38.642,367
2012,45,2,43.4519,367
2012,50,1,33.8276,367
2012,50,2,38.5832,367
2012,55,1,29.1159,367
2012,55,2,33.7608,367
2012,60,1,24.5722,367
2012,60,2,29.0027,367
2012,65,1,20.2134,367
2012,65,2,24.3329,367
2012,70,1,16.1531,367
2012,70,2,19.8646,367
2012,75,1,12.4894,367
2012,75,2,15.703,367
2012,80,1,9.2802,367
2012,80,2,11.9745,367
2013,0,1,82.4894,367
2013,0,2,87.9144,367
2013,5,1,77.9743,367
2013,5,2,83.341,367
2013,10,1,73.0129,367
2013,10,2,78.3714,367
2013,15,1,68.0435,367
2013,15,2,73.3933,367
2013,20,1,63.1008,367
2013,20,2,68.4258,367
2013,25,1,58.1746,367
2013,25,2,63.4691,367
2013,30,1,53.2393,367
2013,30,2,58.5181,367
2013,35,1,48.3047,367
2013,35,2,53.5736,367
2013,40,1,43.3844,367
2013,40,2,48.6415,367
2013,45,1,38.4994,367
2013,45,2,43.7304,367
2013,50,1,33.6882,367
2013,50,2,38.8565,367
2013,55,1,28.9814,367
2013,55,2,34.0274,367
2013,60,1,24.445,367
2013,60,2,29.2603,367
2013,65,1,20.0962,367
2013,65,2,24.5787,367
2013,70,1,16.0486,367
2013,70,2,20.0935,367
2013,75,1,12.4001,367
2013,75,2,15.9092,367
2013,80,1,9.2071,367
2013,80,2,12.1521,367
2014,0,1,82.4679,367
2014,0,2,88.0969,367
2014,5,1,77.9539,367
2014,5,2,83.5143,367
2014,10,1,72.9925,367
2014,10,2,78.5441,367
2014,15,1,68.0232,367
2014,15,2,73.5655,367
2014,20,1,63.0806,367
2014,20,2,68.5972,367
2014,25,1,58.1546,367
2014,25,2,63.6394,367
2014,30,1,53.2194,367
2014,30,2,58.6872,367
2014,35,1,48.285,367
2014,35,2,53.7414,367
2014,40,1,43.3649,367
2014,40,2,48.8077,367
2014,45,1,38.4801,367
2014,45,2,43.8944,367
2014,50,1,33.6694,367
2014,50,2,39.0176,367
2014,55,1,28.9632,367
2014,55,2,34.1847,367
2014,60,1,24.4278,367
2014,60,2,29.4124,367
2014,65,1,20.0804,367
2014,65,2,24.7239,367
2014,70,1,16.0345,367
2014,70,2,20.2289,367
2014,75,1,12.3879,367
2014,75,2,16.0314,367
2014,80,1,9.1972,367
2014,80,2,12.2576,367
2015,0,1,82.8212,367
2015,0,2,88.1991,367
2015,5,1,78.2896,367
2015,5,2,83.6115,367
2015,10,1,73.3268,367
2015,10,2,78.6408,367
2015,15,1,68.3562,367
2015,15,2,73.662,367
2015,20,1,63.4113,367
2015,20,2,68.6932,367
2015,25,1,58.4824,367
2015,25,2,63.7348,367
2015,30,1,53.5446,367
2015,30,2,58.782,367
2015,35,1,48.6076,367
2015,35,2,53.8354,367
2015,40,1,43.6845,367
2015,40,2,48.9008,367
2015,45,1,38.7953,367
2015,45,2,43.9864,367
2015,50,1,33.9775,367
2015,50,2,39.108,367
2015,55,1,29.2607,367
2015,55,2,34.2729,367
2015,60,1,24.7091,367
2015,60,2,29.4978,367
2015,65,1,20.3396,367
2015,65,2,24.8055,367
2015,70,1,16.2658,367
2015,70,2,20.305,367
2015,75,1,12.586,367
2015,75,2,16.1002,367
2015,80,1,9.3592,367
2015,80,2,12.3171,367
2016,0,1,83.309,367
2016,0,2,88.2897,367
2016,5,1,78.7536,367
2016,5,2,83.6976,367
2016,10,1,73.7889,367
2016,10,2,78.7266,367
2016,15,1,68.8167,367
2016,15,2,73.7475,367
2016,20,1,63.8687,367
2016,20,2,68.7783,367
2016,25,1,58.9358,367
2016,25,2,63.8194,367
2016,30,1,53.9946,367
2016,30,2,58.866,367
2016,35,1,49.0542,367
2016,35,2,53.9188,367
2016,40,1,44.1269,367
2016,40,2,48.9834,367
2016,45,1,39.2319,367
2016,45,2,44.068,367
2016,50,1,34.4046,367
2016,50,2,39.1882,367
2016,55,1,29.6736,367
2016,55,2,34.3511,367
2016,60,1,25.1,367
2016,60,2,29.5735,367
2016,65,1,20.7007,367
2016,65,2,24.8779,367
2016,70,1,16.5889,367
2016,70,2,20.3727,367
2016,75,1,12.8635,367
2016,75,2,16.1613,367
2016,80,1,9.5871,367
2016,80,2,12.3699,367
2017,0,1,83.6897,367
2017,0,2,88.3574,367
2017,5,1,79.1164,367
2017,5,2,83.762,367
2017,10,1,74.1502,367
2017,10,2,78.7908,367
2017,15,1,69.1769,367
2017,15,2,73.8114,367
2017,20,1,64.2265,367
2017,20,2,68.842,367
2017,25,1,59.2906,367
2017,25,2,63.8827,367
2017,30,1,54.3468,367
2017,30,2,58.9289,367
2017,35,1,49.4038,367
2017,35,2,53.9812,367
2017,40,1,44.4733,367
2017,40,2,49.0452,367
2017,45,1,39.5739,367
2017,45,2,44.1291,367
2017,50,1,34.7395,367
2017,50,2,39.2482,367
2017,55,1,29.9976,367
2017,55,2,34.4098,367
2017,60,1,25.4074,367
2017,60,2,29.6303,367
2017,65,1,20.9854,367
2017,65,2,24.9321,367
2017,70,1,16.8445,367
2017,70,2,20.4234,367
2017,75,1,13.0838,367
2017,75,2,16.2071,367
2017,80,1,9.7686,367
2017,80,2,12.4096,367
2018,0,1,84.044,367
2018,0,2,88.3687,367
2018,5,1,79.4545,367
2018,5,2,83.7727,367
2018,10,1,74.487,367
2018,10,2,78.8015,367
2018,15,1,69.5126,367
2018,15,2,73.8221,367
2018,20,1,64.5601,367
2018,20,2,68.8526,367
2018,25,1,59.6215,367
2018,25,2,63.8933,367
2018,30,1,54.6754,367
2018,30,2,58.9394,367
2018,35,1,49.73,367
2018,35,2,53.9916,367
2018,40,1,44.7967,367
2018,40,2,49.0555,367
2018,45,1,39.8933,367
2018,45,2,44.1392,367
2018,50,1,35.0524,367
2018,50,2,39.2582,367
2018,55,1,30.3007,367
2018,55,2,34.4195,367
2018,60,1,25.6953,367
2018,60,2,29.6397,367
2018,65,1,21.2526,367
2018,65,2,24.9412,367
2018,70,1,17.0849,367
2018,70,2,20.4318,367
2018,75,1,13.2918,367
2018,75,2,16.2148,367
2018,80,1,9.9406,367
2018,80,2,12.4163,367
2019,0,1,84.2088,367
2019,0,2,88.3235,367
2019,5,1,79.6119,367
2019,5,2,83.7298,367
2019,10,1,74.6438,367
2019,10,2,78.7587,367
2019,15,1,69.6689,367
2019,15,2,73.7795,367
2019,20,1,64.7155,367
2019,20,2,68.8102,367
2019,25,1,59.7756,367
2019,25,2,63.8511,367
2019,30,1,54.8284,367
2019,30,2,58.8975,367
2019,35,1,49.882,367
2019,35,2,53.95,367
2019,40,1,44.9474,367
2019,40,2,49.0143,367
2019,45,1,40.0421,367
2019,45,2,44.0985,367
2019,50,1,35.1984,367
2019,50,2,39.2182,367
2019,55,1,30.4421,367
2019,55,2,34.3805,367
2019,60,1,25.8298,367
2019,60,2,29.6019,367
2019,65,1,21.3776,367
2019,65,2,24.905,367
2019,70,1,17.1976,367
2019,70,2,20.398,367
2019,75,1,13.3894,367
2019,75,2,16.1842,367
2019,80,1,10.0215,367
2019,80,2,12.3898,367
2020,0,1,84.1332,367
2020,0,2,88.2698,367
2020,5,1,79.5256,367
2020,5,2,83.671,367
2020,10,1,74.5565,367
2020,10,2,78.6995,367
2020,15,1,69.5809,367
2020,15,2,73.72,367
2020,20,1,64.6261,367
2020,20,2,68.7502,367
2020,25,1,59.6844,367
2020,25,2,63.7906,367
2020,30,1,54.7356,367
2020,30,2,58.8362,367
2020,35,1,49.7875,367
2020,35,2,53.888,367
2020,40,1,44.851,367
2020,40,2,48.9514,367
2020,45,1,39.9428,367
2020,45,2,44.0343,367
2020,50,1,35.0941,367
2020,50,2,39.1522,367
2020,55,1,30.33,367
2020,55,2,34.312,367
2020,60,1,25.7049,367
2020,60,2,29.5299,367
2020,65,1,21.2341,367
2020,65,2,24.8281,367
2020,70,1,17.0309,367
2020,70,2,20.3132,367
2020,75,1,13.2013,367
2020,75,2,16.0884,367
2020,80,1,9.8136,367
2020,80,2,12.2836,367
2021,0,1,83.1898,367
2021,0,2,87.2939,367
2021,5,1,78.5763,367
2021,5,2,82.6868,367
2021,10,1,73.6068,367
2021,10,2,77.7147,367
2021,15,1,68.6307,367
2021,15,2,72.7346,367
2021,20,1,63.6751,367
2021,20,2,67.7641,367
2021,25,1,58.7323,367
2021,25,2,62.8034,367
2021,30,1,53.7825,367
2021,30,2,57.848,367
2021,35,1,48.8333,367
2021,35,2,52.8985,367
2021,40,1,43.8954,367
2021,40,2,47.9602,367
2021,45,1,38.9851,367
2021,45,2,43.0409,367
2021,50,1,34.1322,367
2021,50,2,38.1549,367
2021,55,1,29.3697,367
2021,55,2,33.3089,367
2021,60,1,24.8132,367
2021,60,2,28.5253,367
2021,65,1,20.4005,367
2021,65,2,23.891,367
2021,70,1,16.2989,367
2021,70,2,19.4671,367
2021,75,1,12.5889,367
2021,75,2,15.365,367
2021,80,1,9.3254,367
2021,80,2,11.6799,367
2022,0,1,83.828,367
2022,0,2,87.9145,367
2022,5,1,79.2159,367
2022,5,2,83.3078,367
2022,10,1,74.2465,367
2022,10,2,78.3357,367
2022,15,1,69.2705,367
2022,15,2,73.3557,367
2022,20,1,64.3151,367
2022,20,2,68.3853,367
2022,25,1,59.3726,367
2022,25,2,63.4247,367
2022,30,1,54.4231,367
2022,30,2,58.4693,367
2022,35,1,49.4743,367
2022,35,2,53.52,367
2022,40,1,44.5369,367
2022,40,2,48.5819,367
2022,45,1,39.6273,367
2022,45,2,43.6629,367
2022,50,1,34.7762,367
2022,50,2,38.7777,367
2022,55,1,30.0126,367
2022,55,2,33.9332,367
2022,60,1,25.4227,367
2022,60,2,29.1485,367
2022,65,1,20.9812,367
2022,65,2,24.4781,367
2022,70,1,16.8282,367
2022,70,2,20.0051,367
2022,75,1,13.0558,367
2022,75,2,15.8401,367
2022,80,1,9.7252,367
2022,80,2,12.0893,367
2023,0,1,84.4481,367
2023,0,2,88.5036,367
2023,5,1,79.8407,367
2023,5,2,83.9011,367
2023,10,1,74.8717,367
2023,10,2,78.9294,367
2023,15,1,69.896,367
2023,15,2,73.9496,367
2023,20,1,64.9413,367
2023,20,2,68.9796,367
2023,25,1,59.9996,367
2023,25,2,64.0195,367
2023,30,1,55.0509,367
2023,30,2,59.0647,367
2023,35,1,50.103,367
2023,35,2,54.1161,367
2023,40,1,45.1666,367
2023,40,2,49.1788,367
2023,45,1,40.2587,367
2023,45,2,44.261,367
2023,50,1,35.4107,367
2023,50,2,39.3779,367
2023,55,1,30.648,367
2023,55,2,34.5365,367
2023,60,1,26.0257,367
2023,60,2,29.753,367
2023,65,1,21.5599,367
2023,65,2,25.0495,367
2023,70,1,17.3623,367
2023,70,2,20.5332,367
2023,75,1,13.5323,367
2023,75,2,16.3065,367
2023,80,1,10.1401,367
2023,80,2,12.4957,367
2024,0,1,84.5599,367
2024,0,2,88.6255,367
2024,5,1,79.9448,367
2024,5,2,84.0172,367
2024,10,1,74.9753,367
2024,10,2,79.045,367
2024,15,1,69.9993,367
2024,15,2,74.065,367
2024,20,1,65.0439,367
2024,20,2,69.0946,367
2024,25,1,60.1016,367
2024,25,2,64.134,367
2024,30,1,55.1523,367
2024,30,2,59.1786,367
2024,35,1,50.2037,367
2024,35,2,54.2293,367
2024,40,1,45.2667,367
2024,40,2,49.2913,367
2024,45,1,40.3579,367
2024,45,2,44.3725,367
2024,50,1,35.5084,367
2024,50,2,39.488,367
2024,55,1,30.7435,367
2024,55,2,34.6448,367
2024,60,1,26.1175,367
2024,60,2,29.8589,367
2024,65,1,21.6464,367
2024,65,2,25.1522,367
2024,70,1,17.441,367
2024,70,2,20.6308,367
2024,75,1,13.6006,367
2024,75,2,16.3968,367
2024,80,1,10.196,367
2024,80,2,12.5758,367
2025,0,1,84.6646,367
2025,0,2,88.7332,367
2025,5,1,80.0418,367
2025,5,2,84.1164,367
2025,10,1,75.0717,367
2025,10,2,79.1437,367
2025,15,1,70.0954,367
2025,15,2,74.1633,367
2025,20,1,65.1393,367
2025,20,2,69.1924,367
2025,25,1,60.1963,367
2025,25,2,64.2313,367
2025,30,1,55.2464,367
2025,30,2,59.2753,367
2025,35,1,50.2973,367
2025,35,2,54.3254,367
2025,40,1,45.3597,367
2025,40,2,49.3867,367
2025,45,1,40.45,367
2025,45,2,44.467,367
2025,50,1,35.5992,367
2025,50,2,39.5813,367
2025,55,1,30.832,367
2025,55,2,34.7363,367
2025,60,1,26.2024,367
2025,60,2,29.9479,367
2025,65,1,21.7261,367
2025,65,2,25.2378,367
2025,70,1,17.513,367
2025,70,2,20.7109,367
2025,75,1,13.6622,367
2025,75,2,16.4685,367
2025,80,1,10.2452,367
2025,80,2,12.6364,367
2026,0,1,84.782,367
2026,0,2,88.8476,367
2026,5,1,80.1505,367
2026,5,2,84.2208,367
2026,10,1,75.1798,367
2026,10,2,79.2475,367
2026,15,1,70.2031,367
2026,15,2,74.2668,367
2026,20,1,65.2464,367
2026,20,2,69.2953,367
2026,25,1,60.3025,367
2026,25,2,64.3335,367
2026,30,1,55.3519,367
2026,30,2,59.377,367
2026,35,1,50.4022,367
2026,35,2,54.4263,367
2026,40,1,45.4639,367
2026,40,2,49.4868,367
2026,45,1,40.5533,367
2026,45,2,44.5662,367
2026,50,1,35.7009,367
2026,50,2,39.6791,367
2026,55,1,30.9313,367
2026,55,2,34.8322,367
2026,60,1,26.2976,367
2026,60,2,30.0411,367
2026,65,1,21.8155,367
2026,65,2,25.3271,367
2026,70,1,17.5937,367
2026,70,2,20.7939,367
2026,75,1,13.7311,367
2026,75,2,16.5421,367
2026,80,1,10.3002,367
2026,80,2,12.6974,367
2027,0,1,84.8858,367
2027,0,2,88.9536,367
2027,5,1,80.2476,367
2027,5,2,84.3188,367
2027,10,1,75.2765,367
2027,10,2,79.345,367
2027,15,1,70.2993,367
2027,15,2,74.364,367
2027,20,1,65.3421,367
2027,20,2,69.3921,367
2027,25,1,60.3975,367
2027,25,2,64.4298,367
2027,30,1,55.4464,367
2027,30,2,59.4726,367
2027,35,1,50.4962,367
2027,35,2,54.5214,367
2027,40,1,45.5572,367
2027,40,2,49.5812,367
2027,45,1,40.6458,367
2027,45,2,44.6597,367
2027,50,1,35.7921,367
2027,50,2,39.7713,367
2027,55,1,31.0203,367
2027,55,2,34.9227,367
2027,60,1,26.3831,367
2027,60,2,30.1292,367
2027,65,1,21.896,367
2027,65,2,25.4118,367
2027,70,1,17.6669,367
2027,70,2,20.8733,367
2027,75,1,13.7945,367
2027,75,2,16.6134,367
2027,80,1,10.3519,367
2027,80,2,12.7578,367
2028,0,1,84.997,367
2028,0,2,89.0619,367
2028,5,1,80.3513,367
2028,5,2,84.4185,367
2028,10,1,75.3797,367
2028,10,2,79.4442,367
2028,15,1,70.4022,367
2028,15,2,74.4628,367
2028,20,1,65.4443,367
2028,20,2,69.4904,367
2028,25,1,60.4989,367
2028,25,2,64.5275,367
2028,30,1,55.5472,367
2028,30,2,59.5698,367
2028,35,1,50.5965,367
2028,35,2,54.6179,367
2028,40,1,45.6569,367
2028,40,2,49.677,367
2028,45,1,40.7446,367
2028,45,2,44.7546,367
2028,50,1,35.8893,367
2028,50,2,39.8649,367
2028,55,1,31.1153,367
2028,55,2,35.0145,367
2028,60,1,26.4743,367
2028,60,2,30.2185,367
2028,65,1,21.9817,367
2028,65,2,25.4975,367
2028,70,1,17.7447,367
2028,70,2,20.9532,367
2028,75,1,13.8615,367
2028,75,2,16.6848,367
2028,80,1,10.4061,367
2028,80,2,12.8176,367
2029,0,1,85.1053,367
2029,0,2,89.1746,367
2029,5,1,80.4523,367
2029,5,2,84.5237,367
2029,10,1,75.4802,367
2029,10,2,79.5489,367
2029,15,1,70.5023,367
2029,15,2,74.5672,367
2029,20,1,65.5438,367
2029,20,2,69.5944,367
2029,25,1,60.5978,367
2029,25,2,64.631,367
2029,30,1,55.6455,367
2029,30,2,59.6727,367
2029,35,1,50.6943,367
2029,35,2,54.7202,367
2029,40,1,45.7541,367
2029,40,2,49.7786,367
2029,45,1,40.841,367
2029,45,2,44.8553,367
2029,50,1,35.9844,367
2029,50,2,39.9644,367
2029,55,1,31.2081,367
2029,55,2,35.1123,367
2029,60,1,26.5635,367
2029,60,2,30.3138,367
2029,65,1,22.0656,367
2029,65,2,25.5894,367
2029,70,1,17.8205,367
2029,70,2,21.0395,367
2029,75,1,13.9262,367
2029,75,2,16.7627,367
2029,80,1,10.4576,367
2029,80,2,12.884,367
2030,0,1,85.212,367
2030,0,2,89.2792,367
2030,5,1,80.5528,367
2030,5,2,84.6207,367
2030,10,1,75.5803,367
2030,10,2,79.6455,367
2030,15,1,70.6022,367
2030,15,2,74.6634,367
2030,20,1,65.6431,367
2030,20,2,69.6902,367
2030,25,1,60.6965,367
2030,25,2,64.7263,367
2030,30,1,55.7437,367
2030,30,2,59.7674,367
2030,35,1,50.7919,367
2030,35,2,54.8144,367
2030,40,1,45.8511,367
2030,40,2,49.8721,367
2030,45,1,40.9372,367
2030,45,2,44.948,367
2030,50,1,36.0793,367
2030,50,2,40.056,367
2030,55,1,31.3009,367
2030,55,2,35.2022,367
2030,60,1,26.6528,367
2030,60,2,30.4013,367
2030,65,1,22.1498,367
2030,65,2,25.6735,367
2030,70,1,17.8975,367
2030,70,2,21.1181,367
2030,75,1,13.9932,367
2030,75,2,16.8329,367
2030,80,1,10.5127,367
2030,80,2,12.943,367
2031,0,1,85.3222,367
2031,0,2,89.3884,367
2031,5,1,80.6565,367
2031,5,2,84.7229,367
2031,10,1,75.6835,367
2031,10,2,79.7472,367
2031,15,1,70.705,367
2031,15,2,74.7649,367
2031,20,1,65.7454,367
2031,20,2,69.7913,367
2031,25,1,60.7981,367
2031,25,2,64.8268,367
2031,30,1,55.8447,367
2031,30,2,59.8674,367
2031,35,1,50.8924,367
2031,35,2,54.9139,367
2031,40,1,45.9511,367
2031,40,2,49.9709,367
2031,45,1,41.0363,367
2031,45,2,45.046,367
2031,50,1,36.177,367
2031,50,2,40.1527,367
2031,55,1,31.3964,367
2031,55,2,35.2972,367
2031,60,1,26.7447,367
2031,60,2,30.4939,367
2031,65,1,22.2365,367
2031,65,2,25.7628,367
2031,70,1,17.9763,367
2031,70,2,21.202,367
2031,75,1,14.0615,367
2031,75,2,16.9087,367
2031,80,1,10.5682,367
2031,80,2,13.0078,367
2032,0,1,85.4278,367
2032,0,2,89.4919,367
2032,5,1,80.7557,367
2032,5,2,84.8192,367
2032,10,1,75.7823,367
2032,10,2,79.8431,367
2032,15,1,70.8035,367
2032,15,2,74.8604,367
2032,20,1,65.8434,367
2032,20,2,69.8864,367
2032,25,1,60.8954,367
2032,25,2,64.9215,367
2032,30,1,55.9415,367
2032,30,2,59.9615,367
2032,35,1,50.9887,367
2032,35,2,55.0074,367
2032,40,1,46.0468,367
2032,40,2,50.0638,367
2032,45,1,41.1312,367
2032,45,2,45.138,367
2032,50,1,36.2706,367
2032,50,2,40.2436,367
2032,55,1,31.4879,367
2032,55,2,35.3865,367
2032,60,1,26.8327,367
2032,60,2,30.5808,367
2032,65,1,22.3194,367
2032,65,2,25.8464,367
2032,70,1,18.0518,367
2032,70,2,21.2802,367
2032,75,1,14.1268,367
2032,75,2,16.9788,367
2032,80,1,10.6211,367
2032,80,2,13.0667,367
2033,0,1,85.5331,367
2033,0,2,89.6017,367
2033,5,1,80.855,367
2033,5,2,84.9223,367
2033,10,1,75.8811,367
2033,10,2,79.9458,367
2033,15,1,70.902,367
2033,15,2,74.9629,367
2033,20,1,65.9413,367
2033,20,2,69.9884,367
2033,25,1,60.9927,367
2033,25,2,65.023,367
2033,30,1,56.0383,367
2033,30,2,60.0625,367
2033,35,1,51.085,367
2033,35,2,55.1078,367
2033,40,1,46.1425,367
2033,40,2,50.1635,367
2033,45,1,41.2261,367
2033,45,2,45.2369,367
2033,50,1,36.3642,367
2033,50,2,40.3412,367
2033,55,1,31.5794,367
2033,55,2,35.4824,367
2033,60,1,26.9207,367
2033,60,2,30.6744,367
2033,65,1,22.4024,367
2033,65,2,25.9366,367
2033,70,1,18.1274,367
2033,70,2,21.3652,367
2033,75,1,14.1922,367
2033,75,2,17.0557,367
2033,80,1,10.6743,367
2033,80,2,13.1326,367
2034,0,1,85.6439,367
2034,0,2,89.71,367
2034,5,1,80.9595,367
2034,5,2,85.0236,367
2034,10,1,75.9853,367
2034,10,2,80.0466,367
2034,15,1,71.0058,367
2034,15,2,75.0633,367
2034,20,1,66.0446,367
2034,20,2,70.0885,367
2034,25,1,61.0953,367
2034,25,2,65.1225,367
2034,30,1,56.1403,367
2034,30,2,60.1616,367
2034,35,1,51.1865,367
2034,35,2,55.2063,367
2034,40,1,46.2434,367
2034,40,2,50.2613,367
2034,45,1,41.3262,367
2034,45,2,45.3339,367
2034,50,1,36.4629,367
2034,50,2,40.437,367
2034,55,1,31.6759,367
2034,55,2,35.5764,367
2034,60,1,27.0136,367
2034,60,2,30.766,367
2034,65,1,22.4901,367
2034,65,2,26.0248,367
2034,70,1,18.2074,367
2034,70,2,21.4479,367
2034,75,1,14.2617,367
2034,75,2,17.13,367
2034,80,1,10.7312,367
2034,80,2,13.1956,367
2035,0,1,85.7527,367
2035,0,2,89.8152,367
2035,5,1,81.0624,367
2035,5,2,85.1221,367
2035,10,1,76.0877,367
2035,10,2,80.1446,367
2035,15,1,71.1079,367
2035,15,2,75.1611,367
2035,20,1,66.1461,367
2035,20,2,70.1859,367
2035,25,1,61.1962,367
2035,25,2,65.2194,367
2035,30,1,56.2407,367
2035,30,2,60.2579,367
2035,35,1,51.2864,367
2035,35,2,55.302,367
2035,40,1,46.3427,367
2035,40,2,50.3564,367
2035,45,1,41.4246,367
2035,45,2,45.4281,367
2035,50,1,36.56,367
2035,50,2,40.53,367
2035,55,1,31.7708,367
2035,55,2,35.6679,367
2035,60,1,27.105,367
2035,60,2,30.8551,367
2035,65,1,22.5764,367
2035,65,2,26.1106,367
2035,70,1,18.2861,367
2035,70,2,21.5282,367
2035,75,1,14.3301,367
2035,75,2,17.2023,367
2035,80,1,10.7872,367
2035,80,2,13.2568,367
2036,0,1,85.8591,367
2036,0,2,89.9243,367
2036,5,1,81.163,367
2036,5,2,85.2249,367
2036,10,1,76.1879,367
2036,10,2,80.247,367
2036,15,1,71.2079,367
2036,15,2,75.2632,367
2036,20,1,66.2456,367
2036,20,2,70.2876,367
2036,25,1,61.295,367
2036,25,2,65.3207,367
2036,30,1,56.339,367
2036,30,2,60.3586,367
2036,35,1,51.3841,367
2036,35,2,55.4022,367
2036,40,1,46.4399,367
2036,40,2,50.4559,367
2036,45,1,41.521,367
2036,45,2,45.5268,367
2036,50,1,36.655,367
2036,50,2,40.6275,367
2036,55,1,31.8638,367
2036,55,2,35.7636,367
2036,60,1,27.1945,367
2036,60,2,30.9485,367
2036,65,1,22.6608,367
2036,65,2,26.2007,367
2036,70,1,18.3632,367
2036,70,2,21.6132,367
2036,75,1,14.3971,367
2036,75,2,17.2794,367
2036,80,1,10.842,367
2036,80,2,13.3232,367
2037,0,1,85.9762,367
2037,0,2,90.0362,367
2037,5,1,81.274,367
2037,5,2,85.33,367
2037,10,1,76.2985,367
2037,10,2,80.3517,367
2037,15,1,71.3181,367
2037,15,2,75.3677,367
2037,20,1,66.3553,367
2037,20,2,70.3916,367
2037,25,1,61.404,367
2037,25,2,65.4242,367
2037,30,1,56.4475,367
2037,30,2,60.4616,367
2037,35,1,51.4921,367
2037,35,2,55.5046,367
2037,40,1,46.5473,367
2037,40,2,50.5577,367
2037,45,1,41.6276,367
2037,45,2,45.6277,367
2037,50,1,36.7602,367
2037,50,2,40.7273,367
2037,55,1,31.9667,367
2037,55,2,35.8617,367
2037,60,1,27.2938,367
2037,60,2,31.0442,367
2037,65,1,22.7547,367
2037,65,2,26.2929,367
2037,70,1,18.4489,367
2037,70,2,21.6996,367
2037,75,1,14.4717,367
2037,75,2,17.3572,367
2037,80,1,10.9029,367
2037,80,2,13.3889,367
2038,0,1,86.1002,367
2038,0,2,90.1529,367
2038,5,1,81.3918,367
2038,5,2,85.4409,367
2038,10,1,76.4158,367
2038,10,2,80.4622,367
2038,15,1,71.4351,367
2038,15,2,75.4778,367
2038,20,1,66.4717,367
2038,20,2,70.5014,367
2038,25,1,61.5198,367
2038,25,2,65.5335,367
2038,30,1,56.5626,367
2038,30,2,60.5704,367
2038,35,1,51.6068,367
2038,35,2,55.6128,367
2038,40,1,46.6613,367
2038,40,2,50.6653,367
2038,45,1,41.7407,367
2038,45,2,45.7344,367
2038,50,1,36.8719,367
2038,50,2,40.8327,367
2038,55,1,32.076,367
2038,55,2,35.9655,367
2038,60,1,27.3991,367
2038,60,2,31.1456,367
2038,65,1,22.8543,367
2038,65,2,26.391,367
2038,70,1,18.5401,367
2038,70,2,21.7924,367
2038,75,1,14.5512,367
2038,75,2,17.4419,367
2038,80,1,10.9681,367
2038,80,2,13.4624,367
2039,0,1,86.2106,367
2039,0,2,90.2635,367
2039,5,1,81.497,367
2039,5,2,85.5455,367
2039,10,1,76.5206,367
2039,10,2,80.5664,367
2039,15,1,71.5396,367
2039,15,2,75.5818,367
2039,20,1,66.5757,367
2039,20,2,70.605,367
2039,25,1,61.6232,367
2039,25,2,65.6366,367
2039,30,1,56.6655,367
2039,30,2,60.673,367
2039,35,1,51.7092,367
2039,35,2,55.7149,367
2039,40,1,46.7631,367
2039,40,2,50.7667,367
2039,45,1,41.8417,367
2039,45,2,45.835,367
2039,50,1,36.9716,367
2039,50,2,40.9322,367
2039,55,1,32.1737,367
2039,55,2,36.0633,367
2039,60,1,27.4933,367
2039,60,2,31.2411,367
2039,65,1,22.9435,367
2039,65,2,26.4832,367
2039,70,1,18.6219,367
2039,70,2,21.8793,367
2039,75,1,14.6228,367
2039,75,2,17.5206,367
2039,80,1,11.0273,367
2039,80,2,13.5299,367
2040,0,1,86.3185,367
2040,0,2,90.3698,367
2040,5,1,81.5998,367
2040,5,2,85.646,367
2040,10,1,76.6231,367
2040,10,2,80.6666,367
2040,15,1,71.6419,367
2040,15,2,75.6817,367
2040,20,1,66.6774,367
2040,20,2,70.7046,367
2040,25,1,61.7243,367
2040,25,2,65.7357,367
2040,30,1,56.7662,367
2040,30,2,60.7716,367
2040,35,1,51.8093,367
2040,35,2,55.813,367
2040,40,1,46.8627,367
2040,40,2,50.8642,367
2040,45,1,41.9406,367
2040,45,2,45.9318,367
2040,50,1,37.0692,367
2040,50,2,41.0278,367
2040,55,1,32.2692,367
2040,55,2,36.1574,367
2040,60,1,27.5855,367
2040,60,2,31.333,367
2040,65,1,23.0307,367
2040,65,2,26.5719,367
2040,70,1,18.7018,367
2040,70,2,21.9629,367
2040,75,1,14.6928,367
2040,75,2,17.5965,367
2040,80,1,11.0852,367
2040,80,2,13.5949,367
2041,0,1,86.4374,367
2041,0,2,90.4892,367
2041,5,1,81.7135,367
2041,5,2,85.7594,367
2041,10,1,76.7363,367
2041,10,2,80.7796,367
2041,15,1,71.7548,367
2041,15,2,75.7944,367
2041,20,1,66.7899,367
2041,20,2,70.8169,367
2041,25,1,61.8361,367
2041,25,2,65.8475,367
2041,30,1,56.8774,367
2041,30,2,60.883,367
2041,35,1,51.9201,367
2041,35,2,55.9238,367
2041,40,1,46.9729,367
2041,40,2,50.9743,367
2041,45,1,42.0499,367
2041,45,2,46.041,367
2041,50,1,37.177,367
2041,50,2,41.1358,367
2041,55,1,32.3748,367
2041,55,2,36.2637,367
2041,60,1,27.6874,367
2041,60,2,31.4368,367
2041,65,1,23.1274,367
2041,65,2,26.6724,367
2041,70,1,18.7908,367
2041,70,2,22.0579,367
2041,75,1,14.7711,367
2041,75,2,17.6832,367
2041,80,1,11.1504,367
2041,80,2,13.67,367
2042,0,1,86.5471,367
2042,0,2,90.6018,367
2042,5,1,81.8182,367
2042,5,2,85.8664,367
2042,10,1,76.8407,367
2042,10,2,80.8862,367
2042,15,1,71.8588,367
2042,15,2,75.9008,367
2042,20,1,66.8934,367
2042,20,2,70.9229,367
2042,25,1,61.939,367
2042,25,2,65.9531,367
2042,30,1,56.9799,367
2042,30,2,60.988,367
2042,35,1,52.022,367
2042,35,2,56.0283,367
2042,40,1,47.0743,367
2042,40,2,51.0782,367
2042,45,1,42.1505,367
2042,45,2,46.1441,367
2042,50,1,37.2763,367
2042,50,2,41.2378,367
2042,55,1,32.472,367
2042,55,2,36.364,367
2042,60,1,27.7811,367
2042,60,2,31.5349,367
2042,65,1,23.2161,367
2042,65,2,26.7672,367
2042,70,1,18.8721,367
2042,70,2,22.1475,367
2042,75,1,14.8423,367
2042,75,2,17.7648,367
2042,80,1,11.2093,367
2042,80,2,13.7406,367
2043,0,1,86.6477,367
2043,0,2,90.7065,367
2043,5,1,81.9142,367
2043,5,2,85.9662,367
2043,10,1,76.9364,367
2043,10,2,80.9857,367
2043,15,1,71.9543,367
2043,15,2,76,367
2043,20,1,66.9884,367
2043,20,2,71.0218,367
2043,25,1,62.0335,367
2043,25,2,66.0516,367
2043,30,1,57.0739,367
2043,30,2,61.086,367
2043,35,1,52.1156,367
2043,35,2,56.1258,367
2043,40,1,47.1673,367
2043,40,2,51.1751,367
2043,45,1,42.2428,367
2043,45,2,46.2403,367
2043,50,1,37.3674,367
2043,50,2,41.3328,367
2043,55,1,32.5611,367
2043,55,2,36.4576,367
2043,60,1,27.8671,367
2043,60,2,31.6263,367
2043,65,1,23.2975,367
2043,65,2,26.8557,367
2043,70,1,18.9467,367
2043,70,2,22.2313,367
2043,75,1,14.9076,367
2043,75,2,17.8415,367
2043,80,1,11.2631,367
2043,80,2,13.8073,367
2044,0,1,86.76,367
2044,0,2,90.8192,367
2044,5,1,82.0217,367
2044,5,2,86.0731,367
2044,10,1,77.0435,367
2044,10,2,81.0922,367
2044,15,1,72.0612,367
2044,15,2,76.1063,367
2044,20,1,67.0948,367
2044,20,2,71.1277,367
2044,25,1,62.1393,367
2044,25,2,66.157,367
2044,30,1,57.1792,367
2044,30,2,61.1909,367
2044,35,1,52.2204,367
2044,35,2,56.2302,367
2044,40,1,47.2716,367
2044,40,2,51.2789,367
2044,45,1,42.3462,367
2044,45,2,46.3432,367
2044,50,1,37.4695,367
2044,50,2,41.4345,367
2044,55,1,32.6611,367
2044,55,2,36.5577,367
2044,60,1,27.9636,367
2044,60,2,31.724,367
2044,65,1,23.389,367
2044,65,2,26.9501,367
2044,70,1,19.0308,367
2044,70,2,22.3202,367
2044,75,1,14.9817,367
2044,75,2,17.9221,367
2044,80,1,11.3249,367
2044,80,2,13.8763,367
2045,0,1,86.866,367
2045,0,2,90.9303,367
2045,5,1,82.1231,367
2045,5,2,86.1793,367
2045,10,1,77.1446,367
2045,10,2,81.198,367
2045,15,1,72.162,367
2045,15,2,76.2119,367
2045,20,1,67.1952,367
2045,20,2,71.233,367
2045,25,1,62.2391,367
2045,25,2,66.2618,367
2045,30,1,57.2785,367
2045,30,2,61.2953,367
2045,35,1,52.3193,367
2045,35,2,56.334,367
2045,40,1,47.3699,367
2045,40,2,51.3821,367
2045,45,1,42.4438,367
2045,45,2,46.4456,367
2045,50,1,37.5658,367
2045,50,2,41.5358,367
2045,55,1,32.7554,367
2045,55,2,36.6574,367
2045,60,1,28.0546,367
2045,60,2,31.8216,367
2045,65,1,23.4751,367
2045,65,2,27.0446,367
2045,70,1,19.11,367
2045,70,2,22.4099,367
2045,75,1,15.0513,367
2045,75,2,18.0044,367
2045,80,1,11.3827,367
2045,80,2,13.9484,367
2046,0,1,86.9719,367
2046,0,2,91.0365,367
2046,5,1,82.2247,367
2046,5,2,86.2806,367
2046,10,1,77.2458,367
2046,10,2,81.2989,367
2046,15,1,72.263,367
2046,15,2,76.3126,367
2046,20,1,67.2957,367
2046,20,2,71.3333,367
2046,25,1,62.339,367
2046,25,2,66.3618,367
2046,30,1,57.3779,367
2046,30,2,61.3948,367
2046,35,1,52.4183,367
2046,35,2,56.433,367
2046,40,1,47.4683,367
2046,40,2,51.4804,367
2046,45,1,42.5414,367
2046,45,2,46.5432,367
2046,50,1,37.6622,367
2046,50,2,41.6323,367
2046,55,1,32.8498,367
2046,55,2,36.7524,367
2046,60,1,28.1457,367
2046,60,2,31.9144,367
2046,65,1,23.5615,367
2046,65,2,27.1344,367
2046,70,1,19.1894,367
2046,70,2,22.4949,367
2046,75,1,15.1211,367
2046,75,2,18.082,367
2046,80,1,11.4408,367
2046,80,2,14.0156,367
2047,0,1,87.083,367
2047,0,2,91.1458,367
2047,5,1,82.331,367
2047,5,2,86.3849,367
2047,10,1,77.3518,367
2047,10,2,81.4029,367
2047,15,1,72.3686,367
2047,15,2,76.4163,367
2047,20,1,67.4009,367
2047,20,2,71.4367,367
2047,25,1,62.4436,367
2047,25,2,66.4647,367
2047,30,1,57.4821,367
2047,30,2,61.4973,367
2047,35,1,52.5219,367
2047,35,2,56.535,367
2047,40,1,47.5714,367
2047,40,2,51.5818,367
2047,45,1,42.6437,367
2047,45,2,46.6438,367
2047,50,1,37.7632,367
2047,50,2,41.7318,367
2047,55,1,32.9486,367
2047,55,2,36.8503,367
2047,60,1,28.241,367
2047,60,2,32.0101,367
2047,65,1,23.6518,367
2047,65,2,27.227,367
2047,70,1,19.2722,367
2047,70,2,22.5826,367
2047,75,1,15.1937,367
2047,75,2,18.1622,367
2047,80,1,11.5009,367
2047,80,2,14.0854,367
2048,0,1,87.1901,367
2048,0,2,91.2544,367
2048,5,1,82.4337,367
2048,5,2,86.4887,367
2048,10,1,77.4542,367
2048,10,2,81.5065,367
2048,15,1,72.4708,367
2048,15,2,76.5196,367
2048,20,1,67.5026,367
2048,20,2,71.5397,367
2048,25,1,62.5448,367
2048,25,2,66.5673,367
2048,30,1,57.5827,367
2048,30,2,61.5993,367
2048,35,1,52.6221,367
2048,35,2,56.6365,367
2048,40,1,47.671,367
2048,40,2,51.6828,367
2048,45,1,42.7426,367
2048,45,2,46.744,367
2048,50,1,37.8608,367
2048,50,2,41.8309,367
2048,55,1,33.0442,367
2048,55,2,36.9478,367
2048,60,1,28.3332,367
2048,60,2,32.1054,367
2048,65,1,23.7392,367
2048,65,2,27.3193,367
2048,70,1,19.3528,367
2048,70,2,22.6701,367
2048,75,1,15.2647,367
2048,75,2,18.2423,367
2048,80,1,11.5602,367
2048,80,2,14.1551,367
2049,0,1,87.3046,367
2049,0,2,91.3669,367
2049,5,1,82.5439,367
2049,5,2,86.5962,367
2049,10,1,77.564,367
2049,10,2,81.6136,367
2049,15,1,72.5804,367
2049,15,2,76.6265,367
2049,20,1,67.6117,367
2049,20,2,71.6462,367
2049,25,1,62.6532,367
2049,25,2,66.6733,367
2049,30,1,57.6907,367
2049,30,2,61.7049,367
2049,35,1,52.7296,367
2049,35,2,56.7416,367
2049,40,1,47.778,367
2049,40,2,51.7872,367
2049,45,1,42.8487,367
2049,45,2,46.8476,367
2049,50,1,37.9655,367
2049,50,2,41.9333,367
2049,55,1,33.1467,367
2049,55,2,37.0486,367
2049,60,1,28.4323,367
2049,60,2,32.204,367
2049,65,1,23.8333,367
2049,65,2,27.4147,367
2049,70,1,19.4395,367
2049,70,2,22.7603,367
2049,75,1,15.3416,367
2049,75,2,18.3248,367
2049,80,1,11.6247,367
2049,80,2,14.2265,367
2050,0,1,87.4151,367
2050,0,2,91.4803,367
2050,5,1,82.6498,367
2050,5,2,86.7048,367
2050,10,1,77.6695,367
2050,10,2,81.7219,367
2050,15,1,72.6856,367
2050,15,2,76.7345,367
2050,20,1,67.7165,367
2050,20,2,71.7539,367
2050,25,1,62.7574,367
2050,25,2,66.7806,367
2050,30,1,57.7944,367
2050,30,2,61.8117,367
2050,35,1,52.8328,367
2050,35,2,56.8479,367
2050,40,1,47.8806,367
2050,40,2,51.8929,367
2050,45,1,42.9505,367
2050,45,2,46.9524,367
2050,50,1,38.0659,367
2050,50,2,42.037,367
2050,55,1,33.245,367
2050,55,2,37.1507,367
2050,60,1,28.527,367
2050,60,2,32.3039,367
2050,65,1,23.9228,367
2050,65,2,27.5116,367
2050,70,1,19.5216,367
2050,70,2,22.8522,367
2050,75,1,15.4134,367
2050,75,2,18.4092,367
2050,80,1,11.684,367
2050,80,2,14.3004,367
2051,0,1,87.5235,367
2051,0,2,91.5943,367
2051,5,1,82.7542,367
2051,5,2,86.8141,367
2051,10,1,77.7736,367
2051,10,2,81.8308,367
2051,15,1,72.7895,367
2051,15,2,76.8433,367
2051,20,1,67.8198,367
2051,20,2,71.8623,367
2051,25,1,62.8603,367
2051,25,2,66.8886,367
2051,30,1,57.8968,367
2051,30,2,61.9192,367
2051,35,1,52.9347,367
2051,35,2,56.9548,367
2051,40,1,47.9819,367
2051,40,2,51.9992,367
2051,45,1,43.051,367
2051,45,2,47.0579,367
2051,50,1,38.1652,367
2051,50,2,42.1413,367
2051,55,1,33.3422,367
2051,55,2,37.2534,367
2051,60,1,28.621,367
2051,60,2,32.4043,367
2051,65,1,24.0121,367
2051,65,2,27.6088,367
2051,70,1,19.604,367
2051,70,2,22.9444,367
2051,75,1,15.4864,367
2051,75,2,18.4937,367
2051,80,1,11.7453,367
2051,80,2,14.3743,367
2052,0,1,87.6272,367
2052,0,2,91.7037,367
2052,5,1,82.854,367
2052,5,2,86.9191,367
2052,10,1,77.8732,367
2052,10,2,81.9355,367
2052,15,1,72.8888,367
2052,15,2,76.9477,367
2052,20,1,67.9188,367
2052,20,2,71.9664,367
2052,25,1,62.9587,367
2052,25,2,66.9923,367
2052,30,1,57.9947,367
2052,30,2,62.0224,367
2052,35,1,53.0322,367
2052,35,2,57.0575,367
2052,40,1,48.079,367
2052,40,2,52.1013,367
2052,45,1,43.1473,367
2052,45,2,47.1592,367
2052,50,1,38.2603,367
2052,50,2,42.2415,367
2052,55,1,33.4354,367
2052,55,2,37.3521,367
2052,60,1,28.711,367
2052,60,2,32.5008,367
2052,65,1,24.0976,367
2052,65,2,27.7024,367
2052,70,1,19.683,367
2052,70,2,23.0333,367
2052,75,1,15.5564,367
2052,75,2,18.5754,367
2052,80,1,11.8043,367
2052,80,2,14.4458,367
2053,0,1,87.7363,367
2053,0,2,91.8136,367
2053,5,1,82.959,367
2053,5,2,87.0245,367
2053,10,1,77.9779,367
2053,10,2,82.0406,367
2053,15,1,72.9932,367
2053,15,2,77.0526,367
2053,20,1,68.0227,367
2053,20,2,72.071,367
2053,25,1,63.0621,367
2053,25,2,67.0964,367
2053,30,1,58.0977,367
2053,30,2,62.1261,367
2053,35,1,53.1347,367
2053,35,2,57.1607,367
2053,40,1,48.1809,367
2053,40,2,52.2038,367
2053,45,1,43.2485,367
2053,45,2,47.261,367
2053,50,1,38.3602,367
2053,50,2,42.3421,367
2053,55,1,33.5332,367
2053,55,2,37.4511,367
2053,60,1,28.8055,367
2053,60,2,32.5977,367
2053,65,1,24.1874,367
2053,65,2,27.7961,367
2053,70,1,19.7658,367
2053,70,2,23.1222,367
2053,75,1,15.6297,367
2053,75,2,18.6568,367
2053,80,1,11.8656,367
2053,80,2,14.5167,367
2054,0,1,87.8395,367
2054,0,2,91.9207,367
2054,5,1,83.0586,367
2054,5,2,87.1276,367
2054,10,1,78.0772,367
2054,10,2,82.1434,367
2054,15,1,73.0923,367
2054,15,2,77.1553,367
2054,20,1,68.1214,367
2054,20,2,72.1734,367
2054,25,1,63.1602,367
2054,25,2,67.1984,367
2054,30,1,58.1954,367
2054,30,2,62.2276,367
2054,35,1,53.232,367
2054,35,2,57.2617,367
2054,40,1,48.2777,367
2054,40,2,52.3043,367
2054,45,1,43.3445,367
2054,45,2,47.3607,367
2054,50,1,38.455,367
2054,50,2,42.4408,367
2054,55,1,33.6262,367
2054,55,2,37.5483,367
2054,60,1,28.8954,367
2054,60,2,32.6928,367
2054,65,1,24.2728,367
2054,65,2,27.8885,367
2054,70,1,19.8448,367
2054,70,2,23.2101,367
2054,75,1,15.6999,367
2054,75,2,18.7381,367
2054,80,1,11.9248,367
2054,80,2,14.5885,367
2055,0,1,87.9417,367
2055,0,2,92.0265,367
2055,5,1,83.1572,367
2055,5,2,87.2291,367
2055,10,1,78.1755,367
2055,10,2,82.2446,367
2055,15,1,73.1904,367
2055,15,2,77.2562,367
2055,20,1,68.2191,367
2055,20,2,72.274,367
2055,25,1,63.2575,367
2055,25,2,67.2986,367
2055,30,1,58.2922,367
2055,30,2,62.3274,367
2055,35,1,53.3283,367
2055,35,2,57.361,367
2055,40,1,48.3735,367
2055,40,2,52.403,367
2055,45,1,43.4396,367
2055,45,2,47.4586,367
2055,50,1,38.5489,367
2055,50,2,42.5376,367
2055,55,1,33.7182,367
2055,55,2,37.6436,367
2055,60,1,28.9843,367
2055,60,2,32.786,367
2055,65,1,24.3574,367
2055,65,2,27.9788,367
2055,70,1,19.9231,367
2055,70,2,23.2957,367
2055,75,1,15.7694,367
2055,75,2,18.8165,367
2055,80,1,11.9835,367
2055,80,2,14.6568,367
2056,0,1,88.0423,367
2056,0,2,92.132,367
2056,5,1,83.2543,367
2056,5,2,87.3309,367
2056,10,1,78.2723,367
2056,10,2,82.3461,367
2056,15,1,73.287,367
2056,15,2,77.3575,367
2056,20,1,68.3153,367
2056,20,2,72.375,367
2056,25,1,63.3532,367
2056,25,2,67.3993,367
2056,30,1,58.3875,367
2056,30,2,62.4277,367
2056,35,1,53.4232,367
2056,35,2,57.4608,367
2056,40,1,48.4679,367
2056,40,2,52.5022,367
2056,45,1,43.5333,367
2056,45,2,47.5571,367
2056,50,1,38.6414,367
2056,50,2,42.635,367
2056,55,1,33.8088,367
2056,55,2,37.7396,367
2056,60,1,29.0719,367
2056,60,2,32.88,367
2056,65,1,24.4408,367
2056,65,2,28.07,367
2056,70,1,20.0002,367
2056,70,2,23.3826,367
2056,75,1,15.838,367
2056,75,2,18.8969,367
2056,80,1,12.0415,367
2056,80,2,14.728,367
2057,0,1,88.1441,367
2057,0,2,92.2395,367
2057,5,1,83.3528,367
2057,5,2,87.4342,367
2057,10,1,78.3705,367
2057,10,2,82.4492,367
2057,15,1,73.385,367
2057,15,2,77.4604,367
2057,20,1,68.4129,367
2057,20,2,72.4776,367
2057,25,1,63.4503,367
2057,25,2,67.5014,367
2057,30,1,58.4841,367
2057,30,2,62.5293,367
2057,35,1,53.5195,367
2057,35,2,57.562,367
2057,40,1,48.5636,367
2057,40,2,52.6028,367
2057,45,1,43.6283,367
2057,45,2,47.6569,367
2057,50,1,38.7352,367
2057,50,2,42.7337,367
2057,55,1,33.9007,367
2057,55,2,37.8367,367
2057,60,1,29.1608,367
2057,60,2,32.9751,367
2057,65,1,24.5254,367
2057,65,2,28.1621,367
2057,70,1,20.0786,367
2057,70,2,23.47,367
2057,75,1,15.9078,367
2057,75,2,18.9772,367
2057,80,1,12.1005,367
2057,80,2,14.7982,367
2058,0,1,88.2462,367
2058,0,2,92.3423,367
2058,5,1,83.4514,367
2058,5,2,87.5334,367
2058,10,1,78.4689,367
2058,10,2,82.5481,367
2058,15,1,73.4832,367
2058,15,2,77.559,367
2058,20,1,68.5107,367
2058,20,2,72.5759,367
2058,25,1,63.5476,367
2058,25,2,67.5994,367
2058,30,1,58.581,367
2058,30,2,62.6269,367
2058,35,1,53.6159,367
2058,35,2,57.6591,367
2058,40,1,48.6596,367
2058,40,2,52.6993,367
2058,45,1,43.7235,367
2058,45,2,47.7527,367
2058,50,1,38.8292,367
2058,50,2,42.8284,367
2058,55,1,33.9929,367
2058,55,2,37.9301,367
2058,60,1,29.25,367
2058,60,2,33.0664,367
2058,65,1,24.6102,367
2058,65,2,28.2507,367
2058,70,1,20.1572,367
2058,70,2,23.5543,367
2058,75,1,15.9779,367
2058,75,2,19.0549,367
2058,80,1,12.16,367
2058,80,2,14.8665,367
2059,0,1,88.3473,367
2059,0,2,92.4479,367
2059,5,1,83.5493,367
2059,5,2,87.635,367
2059,10,1,78.5665,367
2059,10,2,82.6494,367
2059,15,1,73.5806,367
2059,15,2,77.6602,367
2059,20,1,68.6078,367
2059,20,2,72.6768,367
2059,25,1,63.6441,367
2059,25,2,67.6998,367
2059,30,1,58.6771,367
2059,30,2,62.7269,367
2059,35,1,53.7116,367
2059,35,2,57.7586,367
2059,40,1,48.7548,367
2059,40,2,52.7982,367
2059,45,1,43.818,367
2059,45,2,47.8508,367
2059,50,1,38.9225,367
2059,50,2,42.9254,367
2059,55,1,34.0843,367
2059,55,2,38.0255,367
2059,60,1,29.3384,367
2059,60,2,33.1597,367
2059,65,1,24.6944,367
2059,65,2,28.3411,367
2059,70,1,20.2352,367
2059,70,2,23.6401,367
2059,75,1,16.0475,367
2059,75,2,19.1337,367
2059,80,1,12.2191,367
2059,80,2,14.9356,367
2060,0,1,88.4507,367
2060,0,2,92.5504,367
2060,5,1,83.6494,367
2060,5,2,87.7339,367
2060,10,1,78.6664,367
2060,10,2,82.748,367
2060,15,1,73.6802,367
2060,15,2,77.7586,367
2060,20,1,68.707,367
2060,20,2,72.7749,367
2060,25,1,63.7429,367
2060,25,2,67.7976,367
2060,30,1,58.7755,367
2060,30,2,62.8243,367
2060,35,1,53.8095,367
2060,35,2,57.8555,367
2060,40,1,48.8522,367
2060,40,2,52.8945,367
2060,45,1,43.9147,367
2060,45,2,47.9464,367
2060,50,1,39.018,367
2060,50,2,43.02,367
2060,55,1,34.1779,367
2060,55,2,38.1186,367
2060,60,1,29.429,367
2060,60,2,33.2509,367
2060,65,1,24.7806,367
2060,65,2,28.4295,367
2060,70,1,20.3153,367
2060,70,2,23.7242,367
2060,75,1,16.119,367
2060,75,2,19.2114,367
2060,80,1,12.2799,367
2060,80,2,15.004,367
2061,0,1,88.5496,367
2061,0,2,92.6556,367
2061,5,1,83.7451,367
2061,5,2,87.8354,367
2061,10,1,78.7618,367
2061,10,2,82.8493,367
2061,15,1,73.7754,367
2061,15,2,77.8597,367
2061,20,1,68.8018,367
2061,20,2,72.8757,367
2061,25,1,63.8372,367
2061,25,2,67.898,367
2061,30,1,58.8694,367
2061,30,2,62.9243,367
2061,35,1,53.903,367
2061,35,2,57.955,367
2061,40,1,48.9452,367
2061,40,2,52.9935,367
2061,45,1,44.007,367
2061,45,2,48.0447,367
2061,50,1,39.1091,367
2061,50,2,43.1172,367
2061,55,1,34.2672,367
2061,55,2,38.2145,367
2061,60,1,29.5153,367
2061,60,2,33.3448,367
2061,65,1,24.8627,367
2061,65,2,28.5207,367
2061,70,1,20.3911,367
2061,70,2,23.811,367
2061,75,1,16.1863,367
2061,75,2,19.2916,367
2061,80,1,12.3365,367
2061,80,2,15.0747,367
2062,0,1,88.6618,367
2062,0,2,92.7692,367
2062,5,1,83.854,367
2062,5,2,87.9456,367
2062,10,1,78.8704,367
2062,10,2,82.9592,367
2062,15,1,73.8838,367
2062,15,2,77.9694,367
2062,20,1,68.9098,367
2062,20,2,72.9851,367
2062,25,1,63.9447,367
2062,25,2,68.0071,367
2062,30,1,58.9764,367
2062,30,2,63.0329,367
2062,35,1,54.0096,367
2062,35,2,58.0631,367
2062,40,1,49.0512,367
2062,40,2,53.1011,367
2062,45,1,44.1122,367
2062,45,2,48.1514,367
2062,50,1,39.2131,367
2062,50,2,43.2229,367
2062,55,1,34.3691,367
2062,55,2,38.3187,367
2062,60,1,29.614,367
2062,60,2,33.447,367
2062,65,1,24.9569,367
2062,65,2,28.6202,367
2062,70,1,20.4788,367
2062,70,2,23.9062,367
2062,75,1,16.265,367
2062,75,2,19.3802,367
2062,80,1,12.4041,367
2062,80,2,15.1538,367
2063,0,1,88.762,367
2063,0,2,92.8735,367
2063,5,1,83.9512,367
2063,5,2,88.0466,367
2063,10,1,78.9673,367
2063,10,2,83.06,367
2063,15,1,73.9806,367
2063,15,2,78.07,367
2063,20,1,69.0062,367
2063,20,2,73.0855,367
2063,25,1,64.0406,367
2063,25,2,68.1071,367
2063,30,1,59.0719,367
2063,30,2,63.1325,367
2063,35,1,54.1047,367
2063,35,2,58.1623,367
2063,40,1,49.1458,367
2063,40,2,53.1997,367
2063,45,1,44.2061,367
2063,45,2,48.2494,367
2063,50,1,39.3058,367
2063,50,2,43.3199,367
2063,55,1,34.46,367
2063,55,2,38.4143,367
2063,60,1,29.702,367
2063,60,2,33.5407,367
2063,65,1,25.0407,367
2063,65,2,28.7113,367
2063,70,1,20.5567,367
2063,70,2,23.9934,367
2063,75,1,16.3347,367
2063,75,2,19.4611,367
2063,80,1,12.4635,367
2063,80,2,15.2258,367
2064,0,1,88.8741,367
2064,0,2,92.99,367
2064,5,1,84.0597,367
2064,5,2,88.1595,367
2064,10,1,79.0756,367
2064,10,2,83.1726,367
2064,15,1,74.0886,367
2064,15,2,78.1824,367
2064,20,1,69.1138,367
2064,20,2,73.1976,367
2064,25,1,64.1476,367
2064,25,2,68.2188,367
2064,30,1,59.1785,367
2064,30,2,63.2438,367
2064,35,1,54.2108,367
2064,35,2,58.2731,367
2064,40,1,49.2514,367
2064,40,2,53.3099,367
2064,45,1,44.3109,367
2064,45,2,48.3588,367
2064,50,1,39.4093,367
2064,50,2,43.4282,367
2064,55,1,34.5615,367
2064,55,2,38.5211,367
2064,60,1,29.8002,367
2064,60,2,33.6455,367
2064,65,1,25.1342,367
2064,65,2,28.8133,367
2064,70,1,20.6432,367
2064,70,2,24.0908,367
2064,75,1,16.4118,367
2064,75,2,19.5517,367
2064,80,1,12.5287,367
2064,80,2,15.3065,367
2065,0,1,88.984,367
2065,0,2,93.0983,367
2065,5,1,84.1665,367
2065,5,2,88.2644,367
2065,10,1,79.1822,367
2065,10,2,83.2772,367
2065,15,1,74.195,367
2065,15,2,78.2869,367
2065,20,1,69.2198,367
2065,20,2,73.3018,367
2065,25,1,64.2531,367
2065,25,2,68.3226,367
2065,30,1,59.2836,367
2065,30,2,63.3472,367
2065,35,1,54.3155,367
2065,35,2,58.3761,367
2065,40,1,49.3555,367
2065,40,2,53.4123,367
2065,45,1,44.4142,367
2065,45,2,48.4605,367
2065,50,1,39.5114,367
2065,50,2,43.5288,367
2065,55,1,34.6616,367
2065,55,2,38.6204,367
2065,60,1,29.8972,367
2065,60,2,33.7428,367
2065,65,1,25.2268,367
2065,65,2,28.9079,367
2065,70,1,20.7295,367
2065,70,2,24.1813,367
2065,75,1,16.4894,367
2065,75,2,19.6357,367
2065,80,1,12.5954,367
2065,80,2,15.3812,367
2066,0,1,89.0853,367
2066,0,2,93.2046,367
2066,5,1,84.2648,367
2066,5,2,88.3675,367
2066,10,1,79.2802,367
2066,10,2,83.3801,367
2066,15,1,74.2928,367
2066,15,2,78.3895,367
2066,20,1,69.3172,367
2066,20,2,73.4042,367
2066,25,1,64.3501,367
2066,25,2,68.4247,367
2066,30,1,59.3801,367
2066,30,2,63.4488,367
2066,35,1,54.4116,367
2066,35,2,58.4773,367
2066,40,1,49.4511,367
2066,40,2,53.513,367
2066,45,1,44.5092,367
2066,45,2,48.5604,367
2066,50,1,39.6051,367
2066,50,2,43.6278,367
2066,55,1,34.7535,367
2066,55,2,38.7179,367
2066,60,1,29.9861,367
2066,60,2,33.8385,367
2066,65,1,25.3114,367
2066,65,2,29.001,367
2066,70,1,20.808,367
2066,70,2,24.2702,367
2066,75,1,16.5596,367
2066,75,2,19.7183,367
2066,80,1,12.6549,367
2066,80,2,15.4547,367
2067,0,1,89.1927,367
2067,0,2,93.3176,367
2067,5,1,84.3693,367
2067,5,2,88.4769,367
2067,10,1,79.3844,367
2067,10,2,83.4893,367
2067,15,1,74.3968,367
2067,15,2,78.4986,367
2067,20,1,69.4209,367
2067,20,2,73.5129,367
2067,25,1,64.4533,367
2067,25,2,68.533,367
2067,30,1,59.4829,367
2067,30,2,63.5568,367
2067,35,1,54.5139,367
2067,35,2,58.5847,367
2067,40,1,49.5529,367
2067,40,2,53.6198,367
2067,45,1,44.6102,367
2067,45,2,48.6665,367
2067,50,1,39.705,367
2067,50,2,43.7328,367
2067,55,1,34.8514,367
2067,55,2,38.8215,367
2067,60,1,30.0809,367
2067,60,2,33.94,367
2067,65,1,25.402,367
2067,65,2,29.0997,367
2067,70,1,20.8925,367
2067,70,2,24.3645,367
2067,75,1,16.6356,367
2067,75,2,19.8058,367
2067,80,1,12.7204,367
2067,80,2,15.5325,367
2068,0,1,89.295,367
2068,0,2,93.4263,367
2068,5,1,84.4687,367
2068,5,2,88.5825,367
2068,10,1,79.4836,367
2068,10,2,83.5946,367
2068,15,1,74.4958,367
2068,15,2,78.6037,367
2068,20,1,69.5195,367
2068,20,2,73.6178,367
2068,25,1,64.5514,367
2068,25,2,68.6376,367
2068,30,1,59.5806,367
2068,30,2,63.6609,367
2068,35,1,54.6112,367
2068,35,2,58.6884,367
2068,40,1,49.6497,367
2068,40,2,53.723,367
2068,45,1,44.7063,367
2068,45,2,48.769,367
2068,50,1,39.7998,367
2068,50,2,43.8342,367
2068,55,1,34.9444,367
2068,55,2,38.9215,367
2068,60,1,30.171,367
2068,60,2,34.0381,367
2068,65,1,25.4878,367
2068,65,2,29.1952,367
2068,70,1,20.9722,367
2068,70,2,24.4559,367
2068,75,1,16.7069,367
2068,75,2,19.8909,367
2068,80,1,12.7811,367
2068,80,2,15.6085,367
2069,0,1,89.3998,367
2069,0,2,93.537,367
2069,5,1,84.5706,367
2069,5,2,88.6901,367
2069,10,1,79.5853,367
2069,10,2,83.702,367
2069,15,1,74.5973,367
2069,15,2,78.711,367
2069,20,1,69.6207,367
2069,20,2,73.7248,367
2069,25,1,64.6521,367
2069,25,2,68.7442,367
2069,30,1,59.6809,367
2069,30,2,63.7671,367
2069,35,1,54.7111,367
2069,35,2,58.7942,367
2069,40,1,49.7491,367
2069,40,2,53.8282,367
2069,45,1,44.805,367
2069,45,2,48.8734,367
2069,50,1,39.8973,367
2069,50,2,43.9377,367
2069,55,1,35.04,367
2069,55,2,39.0236,367
2069,60,1,30.2636,367
2069,60,2,34.1383,367
2069,65,1,25.5762,367
2069,65,2,29.2928,367
2069,70,1,21.0546,367
2069,70,2,24.5494,367
2069,75,1,16.7811,367
2069,75,2,19.9781,367
2069,80,1,12.845,367
2069,80,2,15.6866,367
2070,0,1,89.4996,367
2070,0,2,93.6425,367
2070,5,1,84.6677,367
2070,5,2,88.7927,367
2070,10,1,79.6821,367
2070,10,2,83.8044,367
2070,15,1,74.6939,367
2070,15,2,78.8132,367
2070,20,1,69.7169,367
2070,20,2,73.8268,367
2070,25,1,64.7479,367
2070,25,2,68.8458,367
2070,30,1,59.7763,367
2070,30,2,63.8684,367
2070,35,1,54.8061,367
2070,35,2,58.895,367
2070,40,1,49.8436,367
2070,40,2,53.9285,367
2070,45,1,44.8988,367
2070,45,2,48.9731,367
2070,50,1,39.9899,367
2070,50,2,44.0363,367
2070,55,1,35.1308,367
2070,55,2,39.1209,367
2070,60,1,30.3515,367
2070,60,2,34.2338,367
2070,65,1,25.66,367
2070,65,2,29.386,367
2070,70,1,21.1324,367
2070,70,2,24.6387,367
2070,75,1,16.8508,367
2070,75,2,20.0616,367
2070,80,1,12.9044,367
2070,80,2,15.7616,367
2071,0,1,89.6048,367
2071,0,2,93.7484,367
2071,5,1,84.77,367
2071,5,2,88.8958,367
2071,10,1,79.7842,367
2071,10,2,83.9072,367
2071,15,1,74.7959,367
2071,15,2,78.9159,367
2071,20,1,69.8185,367
2071,20,2,73.9292,367
2071,25,1,64.849,367
2071,25,2,68.9479,367
2071,30,1,59.8769,367
2071,30,2,63.9701,367
2071,35,1,54.9064,367
2071,35,2,58.9963,367
2071,40,1,49.9433,367
2071,40,2,54.0293,367
2071,45,1,44.9978,367
2071,45,2,49.0731,367
2071,50,1,40.0877,367
2071,50,2,44.1354,367
2071,55,1,35.2267,367
2071,55,2,39.2186,367
2071,60,1,30.4444,367
2071,60,2,34.3297,367
2071,65,1,25.7486,367
2071,65,2,29.4794,367
2071,70,1,21.2149,367
2071,70,2,24.7282,367
2071,75,1,16.9249,367
2071,75,2,20.1451,367
2071,80,1,12.9679,367
2071,80,2,15.8364,367
2072,0,1,89.7051,367
2072,0,2,93.8546,367
2072,5,1,84.8678,367
2072,5,2,88.9991,367
2072,10,1,79.8818,367
2072,10,2,84.0104,367
2072,15,1,74.8932,367
2072,15,2,79.0188,367
2072,20,1,69.9155,367
2072,20,2,74.0319,367
2072,25,1,64.9456,367
2072,25,2,69.0503,367
2072,30,1,59.9731,367
2072,30,2,64.0721,367
2072,35,1,55.0021,367
2072,35,2,59.0979,367
2072,40,1,50.0386,367
2072,40,2,54.1303,367
2072,45,1,45.0924,367
2072,45,2,49.1735,367
2072,50,1,40.1812,367
2072,50,2,44.2348,367
2072,55,1,35.3184,367
2072,55,2,39.3167,367
2072,60,1,30.5331,367
2072,60,2,34.426,367
2072,65,1,25.8334,367
2072,65,2,29.5731,367
2072,70,1,21.294,367
2072,70,2,24.8181,367
2072,75,1,16.9961,367
2072,75,2,20.229,367
2072,80,1,13.0292,367
2072,80,2,15.9116,367
2073,0,1,89.8006,367
2073,0,2,93.9621,367
2073,5,1,84.9609,367
2073,5,2,89.1039,367
2073,10,1,79.9747,367
2073,10,2,84.1149,367
2073,15,1,74.986,367
2073,15,2,79.1232,367
2073,20,1,70.0079,367
2073,20,2,74.1361,367
2073,25,1,65.0376,367
2073,25,2,69.1542,367
2073,30,1,60.0647,367
2073,30,2,64.1756,367
2073,35,1,55.0934,367
2073,35,2,59.2009,367
2073,40,1,50.1294,367
2073,40,2,54.2328,367
2073,45,1,45.1825,367
2073,45,2,49.2753,367
2073,50,1,40.2702,367
2073,50,2,44.3357,367
2073,55,1,35.4056,367
2073,55,2,39.4163,367
2073,60,1,30.6176,367
2073,60,2,34.5238,367
2073,65,1,25.914,367
2073,65,2,29.6686,367
2073,70,1,21.3691,367
2073,70,2,24.9097,367
2073,75,1,17.0637,367
2073,75,2,20.3149,367
2073,80,1,13.0873,367
2073,80,2,15.9892,367
2074,0,1,89.8991,367
2074,0,2,94.067,367
2074,5,1,85.0568,367
2074,5,2,89.2061,367
2074,10,1,80.0704,367
2074,10,2,84.2169,367
2074,15,1,75.0815,367
2074,15,2,79.2251,367
2074,20,1,70.1031,367
2074,20,2,74.2377,367
2074,25,1,65.1323,367
2074,25,2,69.2554,367
2074,30,1,60.1591,367
2074,30,2,64.2765,367
2074,35,1,55.1873,367
2074,35,2,59.3014,367
2074,40,1,50.2229,367
2074,40,2,54.3328,367
2074,45,1,45.2752,367
2074,45,2,49.3746,367
2074,50,1,40.3618,367
2074,50,2,44.434,367
2074,55,1,35.4954,367
2074,55,2,39.5133,367
2074,60,1,30.7046,367
2074,60,2,34.6191,367
2074,65,1,25.9969,367
2074,65,2,29.7614,367
2074,70,1,21.4462,367
2074,70,2,24.9988,367
2074,75,1,17.1328,367
2074,75,2,20.3981,367
2074,80,1,13.1465,367
2074,80,2,16.0639,367
2075,0,1,90.0028,367
2075,0,2,94.1718,367
2075,5,1,85.158,367
2075,5,2,89.3081,367
2075,10,1,80.1713,367
2075,10,2,84.3187,367
2075,15,1,75.1822,367
2075,15,2,79.3266,367
2075,20,1,70.2035,367
2075,20,2,74.339,367
2075,25,1,65.2322,367
2075,25,2,69.3564,367
2075,30,1,60.2586,367
2075,30,2,64.3771,367
2075,35,1,55.2864,367
2075,35,2,59.4016,367
2075,40,1,50.3215,367
2075,40,2,54.4324,367
2075,45,1,45.3731,367
2075,45,2,49.4735,367
2075,50,1,40.4585,367
2075,50,2,44.5319,367
2075,55,1,35.5903,367
2075,55,2,39.6099,367
2075,60,1,30.7966,367
2075,60,2,34.7138,367
2075,65,1,26.0848,367
2075,65,2,29.8536,367
2075,70,1,21.5283,367
2075,70,2,25.0869,367
2075,75,1,17.207,367
2075,75,2,20.4802,367
2075,80,1,13.2107,367
2075,80,2,16.1371,367
2076,0,1,90.1152,367
2076,0,2,94.2834,367
2076,5,1,85.2678,367
2076,5,2,89.417,367
2076,10,1,80.2809,367
2076,10,2,84.4274,367
2076,15,1,75.2917,367
2076,15,2,79.4352,367
2076,20,1,70.3126,367
2076,20,2,74.4474,367
2076,25,1,65.3409,367
2076,25,2,69.4644,367
2076,30,1,60.3669,367
2076,30,2,64.4848,367
2076,35,1,55.3943,367
2076,35,2,59.5088,367
2076,40,1,50.4289,367
2076,40,2,54.5392,367
2076,45,1,45.4798,367
2076,45,2,49.5796,367
2076,50,1,40.564,367
2076,50,2,44.637,367
2076,55,1,35.694,367
2076,55,2,39.7136,367
2076,60,1,30.8973,367
2076,60,2,34.8157,367
2076,65,1,26.1813,367
2076,65,2,29.9531,367
2076,70,1,21.6187,367
2076,70,2,25.1826,367
2076,75,1,17.2889,367
2076,75,2,20.5698,367
2076,80,1,13.2816,367
2076,80,2,16.218,367
2077,0,1,90.2242,367
2077,0,2,94.3919,367
2077,5,1,85.3746,367
2077,5,2,89.5231,367
2077,10,1,80.3875,367
2077,10,2,84.5333,367
2077,15,1,75.3981,367
2077,15,2,79.5409,367
2077,20,1,70.4187,367
2077,20,2,74.5528,367
2077,25,1,65.4466,367
2077,25,2,69.5696,367
2077,30,1,60.4722,367
2077,30,2,64.5896,367
2077,35,1,55.4992,367
2077,35,2,59.6132,367
2077,40,1,50.5333,367
2077,40,2,54.643,367
2077,45,1,45.5836,367
2077,45,2,49.6828,367
2077,50,1,40.6667,367
2077,50,2,44.7393,367
2077,55,1,35.7949,367
2077,55,2,39.8146,367
2077,60,1,30.9954,367
2077,60,2,34.915,367
2077,65,1,26.2756,367
2077,65,2,30.0499,367
2077,70,1,21.7074,367
2077,70,2,25.2757,367
2077,75,1,17.3698,367
2077,75,2,20.6571,367
2077,80,1,13.3525,367
2077,80,2,16.2967,367
2078,0,1,90.3271,367
2078,0,2,94.4986,367
2078,5,1,85.4752,367
2078,5,2,89.6273,367
2078,10,1,80.4879,367
2078,10,2,84.6373,367
2078,15,1,75.4984,367
2078,15,2,79.6448,367
2078,20,1,70.5186,367
2078,20,2,74.6565,367
2078,25,1,65.5461,367
2078,25,2,69.673,367
2078,30,1,60.5714,367
2078,30,2,64.6926,367
2078,35,1,55.5981,367
2078,35,2,59.7158,367
2078,40,1,50.6317,367
2078,40,2,54.7452,367
2078,45,1,45.6813,367
2078,45,2,49.7843,367
2078,50,1,40.7633,367
2078,50,2,44.8398,367
2078,55,1,35.8899,367
2078,55,2,39.9139,367
2078,60,1,31.0877,367
2078,60,2,35.0126,367
2078,65,1,26.3641,367
2078,65,2,30.1452,367
2078,70,1,21.7903,367
2078,70,2,25.3672,367
2078,75,1,17.4452,367
2078,75,2,20.7429,367
2078,80,1,13.418,367
2078,80,2,16.3741,367
2079,0,1,90.4301,367
2079,0,2,94.6014,367
2079,5,1,85.5762,367
2079,5,2,89.7279,367
2079,10,1,80.5887,367
2079,10,2,84.7378,367
2079,15,1,75.599,367
2079,15,2,79.7452,367
2079,20,1,70.619,367
2079,20,2,74.7566,367
2079,25,1,65.646,367
2079,25,2,69.7728,367
2079,30,1,60.6709,367
2079,30,2,64.7921,367
2079,35,1,55.6973,367
2079,35,2,59.815,367
2079,40,1,50.7305,367
2079,40,2,54.8439,367
2079,45,1,45.7794,367
2079,45,2,49.8824,367
2079,50,1,40.8604,367
2079,50,2,44.937,367
2079,55,1,35.9853,367
2079,55,2,40.0099,367
2079,60,1,31.1805,367
2079,60,2,35.107,367
2079,65,1,26.4532,367
2079,65,2,30.2374,367
2079,70,1,21.8742,367
2079,70,2,25.456,367
2079,75,1,17.5217,367
2079,75,2,20.8266,367
2079,80,1,13.485,367
2079,80,2,16.4503,367
2080,0,1,90.53,367
2080,0,2,94.7075,367
2080,5,1,85.674,367
2080,5,2,89.8317,367
2080,10,1,80.6863,367
2080,10,2,84.8413,367
2080,15,1,75.6965,367
2080,15,2,79.8486,367
2080,20,1,70.7161,367
2080,20,2,74.8599,367
2080,25,1,65.7428,367
2080,25,2,69.8757,367
2080,30,1,60.7674,367
2080,30,2,64.8947,367
2080,35,1,55.7933,367
2080,35,2,59.9171,367
2080,40,1,50.8261,367
2080,40,2,54.9455,367
2080,45,1,45.8744,367
2080,45,2,49.9834,367
2080,50,1,40.9543,367
2080,50,2,45.0371,367
2080,55,1,36.0776,367
2080,55,2,40.1088,367
2080,60,1,31.2702,367
2080,60,2,35.2041,367
2080,65,1,26.5392,367
2080,65,2,30.3323,367
2080,70,1,21.9549,367
2080,70,2,25.5472,367
2080,75,1,17.595,367
2080,75,2,20.9122,367
2080,80,1,13.5489,367
2080,80,2,16.5276,367
2081,0,1,90.6247,367
2081,0,2,94.8072,367
2081,5,1,85.7668,367
2081,5,2,89.9292,367
2081,10,1,80.7789,367
2081,10,2,84.9387,367
2081,15,1,75.789,367
2081,15,2,79.9458,367
2081,20,1,70.8083,367
2081,20,2,74.9569,367
2081,25,1,65.8347,367
2081,25,2,69.9725,367
2081,30,1,60.8589,367
2081,30,2,64.9911,367
2081,35,1,55.8845,367
2081,35,2,60.0132,367
2081,40,1,50.9169,367
2081,40,2,55.0411,367
2081,45,1,45.9646,367
2081,45,2,50.0783,367
2081,50,1,41.0435,367
2081,50,2,45.1312,367
2081,55,1,36.1652,367
2081,55,2,40.2017,367
2081,60,1,31.3554,367
2081,60,2,35.2954,367
2081,65,1,26.621,367
2081,65,2,30.4213,367
2081,70,1,22.0318,367
2081,70,2,25.6328,367
2081,75,1,17.6651,367
2081,75,2,20.9924,367
2081,80,1,13.6102,367
2081,80,2,16.6,367
2082,0,1,90.727,367
2082,0,2,94.9076,367
2082,5,1,85.8671,367
2082,5,2,90.0273,367
2082,10,1,80.8791,367
2082,10,2,85.0366,367
2082,15,1,75.889,367
2082,15,2,80.0436,367
2082,20,1,70.9081,367
2082,20,2,75.0545,367
2082,25,1,65.9341,367
2082,25,2,70.0698,367
2082,30,1,60.958,367
2082,30,2,65.0881,367
2082,35,1,55.9832,367
2082,35,2,60.1098,367
2082,40,1,51.0152,367
2082,40,2,55.1372,367
2082,45,1,46.0623,367
2082,45,2,50.1739,367
2082,50,1,41.1401,367
2082,50,2,45.2258,367
2082,55,1,36.2603,367
2082,55,2,40.2951,367
2082,60,1,31.4479,367
2082,60,2,35.3872,367
2082,65,1,26.71,367
2082,65,2,30.5109,367
2082,70,1,22.1157,367
2082,70,2,25.7189,367
2082,75,1,17.7421,367
2082,75,2,21.0732,367
2082,80,1,13.6781,367
2082,80,2,16.6729,367
2083,0,1,90.8253,367
2083,0,2,95.0128,367
2083,5,1,85.9635,367
2083,5,2,90.1304,367
2083,10,1,80.9753,367
2083,10,2,85.1395,367
2083,15,1,75.985,367
2083,15,2,80.1463,367
2083,20,1,71.0039,367
2083,20,2,75.157,367
2083,25,1,66.0295,367
2083,25,2,70.172,367
2083,30,1,61.053,367
2083,30,2,65.1899,367
2083,35,1,56.078,367
2083,35,2,60.2113,367
2083,40,1,51.1095,367
2083,40,2,55.2382,367
2083,45,1,46.156,367
2083,45,2,50.2743,367
2083,50,1,41.2328,367
2083,50,2,45.3253,367
2083,55,1,36.3514,367
2083,55,2,40.3934,367
2083,60,1,31.5366,367
2083,60,2,35.4839,367
2083,65,1,26.7952,367
2083,65,2,30.6054,367
2083,70,1,22.1959,367
2083,70,2,25.8099,367
2083,75,1,17.8154,367
2083,75,2,21.1589,367
2083,80,1,13.7425,367
2083,80,2,16.7508,367
2084,0,1,90.9257,367
2084,0,2,95.1202,367
2084,5,1,86.0621,367
2084,5,2,90.2357,367
2084,10,1,81.0738,367
2084,10,2,85.2447,367
2084,15,1,76.0833,367
2084,15,2,80.2514,367
2084,20,1,71.1019,367
2084,20,2,75.2618,367
2084,25,1,66.1271,367
2084,25,2,70.2766,367
2084,30,1,61.1504,367
2084,30,2,65.2942,367
2084,35,1,56.175,367
2084,35,2,60.3152,367
2084,40,1,51.2061,367
2084,40,2,55.3417,367
2084,45,1,46.252,367
2084,45,2,50.3771,367
2084,50,1,41.3278,367
2084,50,2,45.4274,367
2084,55,1,36.4448,367
2084,55,2,40.4943,367
2084,60,1,31.6275,367
2084,60,2,35.5832,367
2084,65,1,26.8827,367
2084,65,2,30.7025,367
2084,70,1,22.2784,367
2084,70,2,25.9037,367
2084,75,1,17.8909,367
2084,75,2,21.2474,367
2084,80,1,13.809,367
2084,80,2,16.8314,367
2085,0,1,91.0343,367
2085,0,2,95.2282,367
2085,5,1,86.1687,367
2085,5,2,90.3418,367
2085,10,1,81.1802,367
2085,10,2,85.3506,367
2085,15,1,76.1896,367
2085,15,2,80.3572,367
2085,20,1,71.2079,367
2085,20,2,75.3675,367
2085,25,1,66.2327,367
2085,25,2,70.382,367
2085,30,1,61.2556,367
2085,30,2,65.3993,367
2085,35,1,56.2799,367
2085,35,2,60.4199,367
2085,40,1,51.3105,367
2085,40,2,55.446,367
2085,45,1,46.3558,367
2085,45,2,50.4809,367
2085,50,1,41.4306,367
2085,50,2,45.5303,367
2085,55,1,36.5459,367
2085,55,2,40.5961,367
2085,60,1,31.726,367
2085,60,2,35.6835,367
2085,65,1,26.9774,367
2085,65,2,30.8008,367
2085,70,1,22.3678,367
2085,70,2,25.9987,367
2085,75,1,17.9727,367
2085,75,2,21.3373,367
2085,80,1,13.881,367
2085,80,2,16.9138,367
2086,0,1,91.1408,367
2086,0,2,95.3383,367
2086,5,1,86.2732,367
2086,5,2,90.4498,367
2086,10,1,81.2845,367
2086,10,2,85.4584,367
2086,15,1,76.2938,367
2086,15,2,80.4649,367
2086,20,1,71.3118,367
2086,20,2,75.4749,367
2086,25,1,66.3362,367
2086,25,2,70.4892,367
2086,30,1,61.3588,367
2086,30,2,65.5062,367
2086,35,1,56.3827,367
2086,35,2,60.5264,367
2086,40,1,51.4129,367
2086,40,2,55.5521,367
2086,45,1,46.4575,367
2086,45,2,50.5864,367
2086,50,1,41.5313,367
2086,50,2,45.6349,367
2086,55,1,36.645,367
2086,55,2,40.6996,367
2086,60,1,31.8225,367
2086,60,2,35.7854,367
2086,65,1,27.0702,367
2086,65,2,30.9005,367
2086,70,1,22.4553,367
2086,70,2,26.095,367
2086,75,1,18.0529,367
2086,75,2,21.4282,367
2086,80,1,13.9516,367
2086,80,2,16.9966,367
2087,0,1,91.2438,367
2087,0,2,95.4433,367
2087,5,1,86.3744,367
2087,5,2,90.553,367
2087,10,1,81.3856,367
2087,10,2,85.5615,367
2087,15,1,76.3947,367
2087,15,2,80.5679,367
2087,20,1,71.4124,367
2087,20,2,75.5778,367
2087,25,1,66.4365,367
2087,25,2,70.5917,367
2087,30,1,61.4588,367
2087,30,2,65.6085,367
2087,35,1,56.4823,367
2087,35,2,60.6284,367
2087,40,1,51.5121,367
2087,40,2,55.6536,367
2087,45,1,46.5561,367
2087,45,2,50.6873,367
2087,50,1,41.6289,367
2087,50,2,45.7351,367
2087,55,1,36.741,367
2087,55,2,40.7987,367
2087,60,1,31.916,367
2087,60,2,35.8832,367
2087,65,1,27.1603,367
2087,65,2,30.9964,367
2087,70,1,22.5404,367
2087,70,2,26.1878,367
2087,75,1,18.1311,367
2087,75,2,21.5164,367
2087,80,1,14.0207,367
2087,80,2,17.0777,367
2088,0,1,91.3373,367
2088,0,2,95.5483,367
2088,5,1,86.4662,367
2088,5,2,90.6562,367
2088,10,1,81.4772,367
2088,10,2,85.6645,367
2088,15,1,76.4863,367
2088,15,2,80.6708,367
2088,20,1,71.5037,367
2088,20,2,75.6805,367
2088,25,1,66.5275,367
2088,25,2,70.6942,367
2088,30,1,61.5494,367
2088,30,2,65.7106,367
2088,35,1,56.5727,367
2088,35,2,60.7302,367
2088,40,1,51.6021,367
2088,40,2,55.755,367
2088,45,1,46.6455,367
2088,45,2,50.7882,367
2088,50,1,41.7173,367
2088,50,2,45.8352,367
2088,55,1,36.828,367
2088,55,2,40.8978,367
2088,60,1,32.0007,367
2088,60,2,35.9807,367
2088,65,1,27.2418,367
2088,65,2,31.092,367
2088,70,1,22.6172,367
2088,70,2,26.2804,367
2088,75,1,18.2014,367
2088,75,2,21.6041,367
2088,80,1,14.0826,367
2088,80,2,17.1582,367
2089,0,1,91.4405,367
2089,0,2,95.6542,367
2089,5,1,86.5676,367
2089,5,2,90.7604,367
2089,10,1,81.5784,367
2089,10,2,85.7686,367
2089,15,1,76.5873,367
2089,15,2,80.7747,367
2089,20,1,71.6045,367
2089,20,2,75.7842,367
2089,25,1,66.6279,367
2089,25,2,70.7977,367
2089,30,1,61.6495,367
2089,30,2,65.8139,367
2089,35,1,56.6724,367
2089,35,2,60.8331,367
2089,40,1,51.7014,367
2089,40,2,55.8576,367
2089,45,1,46.7443,367
2089,45,2,50.8902,367
2089,50,1,41.815,367
2089,50,2,45.9364,367
2089,55,1,36.9241,367
2089,55,2,40.9979,367
2089,60,1,32.0944,367
2089,60,2,36.0795,367
2089,65,1,27.3319,367
2089,65,2,31.1889,367
2089,70,1,22.7023,367
2089,70,2,26.3743,367
2089,75,1,18.2794,367
2089,75,2,21.6933,367
2089,80,1,14.1513,367
2089,80,2,17.2404,367
2090,0,1,91.5461,367
2090,0,2,95.7612,367
2090,5,1,86.6714,367
2090,5,2,90.8656,367
2090,10,1,81.6821,367
2090,10,2,85.8736,367
2090,15,1,76.6908,367
2090,15,2,80.8797,367
2090,20,1,71.7077,367
2090,20,2,75.889,367
2090,25,1,66.7307,367
2090,25,2,70.9022,367
2090,30,1,61.752,367
2090,30,2,65.9181,367
2090,35,1,56.7746,367
2090,35,2,60.937,367
2090,40,1,51.8032,367
2090,40,2,55.961,367
2090,45,1,46.8454,367
2090,45,2,50.9931,367
2090,50,1,41.9151,367
2090,50,2,46.0385,367
2090,55,1,37.0226,367
2090,55,2,41.099,367
2090,60,1,32.1903,367
2090,60,2,36.1792,367
2090,65,1,27.4243,367
2090,65,2,31.2866,367
2090,70,1,22.7895,367
2090,70,2,26.4689,367
2090,75,1,18.3594,367
2090,75,2,21.7832,367
2090,80,1,14.2221,367
2090,80,2,17.3231,367
2091,0,1,91.646,367
2091,0,2,95.8649,367
2091,5,1,86.7696,367
2091,5,2,90.9676,367
2091,10,1,81.7801,367
2091,10,2,85.9755,367
2091,15,1,76.7887,367
2091,15,2,80.9814,367
2091,20,1,71.8053,367
2091,20,2,75.9906,367
2091,25,1,66.828,367
2091,25,2,71.0036,367
2091,30,1,61.849,367
2091,30,2,66.0192,367
2091,35,1,56.8712,367
2091,35,2,61.0378,367
2091,40,1,51.8994,367
2091,40,2,56.0614,367
2091,45,1,46.941,367
2091,45,2,51.0929,367
2091,50,1,42.0098,367
2091,50,2,46.1376,367
2091,55,1,37.1158,367
2091,55,2,41.197,367
2091,60,1,32.2811,367
2091,60,2,36.2758,367
2091,65,1,27.5117,367
2091,65,2,31.3814,367
2091,70,1,22.8721,367
2091,70,2,26.5607,367
2091,75,1,18.4354,367
2091,75,2,21.8704,367
2091,80,1,14.2893,367
2091,80,2,17.4033,367
2092,0,1,91.749,367
2092,0,2,95.9699,367
2092,5,1,86.8708,367
2092,5,2,91.0709,367
2092,10,1,81.8811,367
2092,10,2,86.0787,367
2092,15,1,76.8896,367
2092,15,2,81.0845,367
2092,20,1,71.906,367
2092,20,2,76.0935,367
2092,25,1,66.9283,367
2092,25,2,71.1063,367
2092,30,1,61.9489,367
2092,30,2,66.1216,367
2092,35,1,56.9708,367
2092,35,2,61.1399,367
2092,40,1,51.9986,367
2092,40,2,56.1631,367
2092,45,1,47.0396,367
2092,45,2,51.1941,367
2092,50,1,42.1073,367
2092,50,2,46.238,367
2092,55,1,37.2117,367
2092,55,2,41.2964,367
2092,60,1,32.3745,367
2092,60,2,36.3738,367
2092,65,1,27.6016,367
2092,65,2,31.4775,367
2092,70,1,22.9569,367
2092,70,2,26.654,367
2092,75,1,18.513,367
2092,75,2,21.9592,367
2092,80,1,14.3576,367
2092,80,2,17.4852,367
2093,0,1,91.8427,367
2093,0,2,96.0748,367
2093,5,1,86.9629,367
2093,5,2,91.174,367
2093,10,1,81.9731,367
2093,10,2,86.1817,367
2093,15,1,76.9814,367
2093,15,2,81.1874,367
2093,20,1,71.9975,367
2093,20,2,76.1962,367
2093,25,1,67.0195,367
2093,25,2,71.2088,367
2093,30,1,62.0399,367
2093,30,2,66.2238,367
2093,35,1,57.0615,367
2093,35,2,61.2418,367
2093,40,1,52.0888,367
2093,40,2,56.2646,367
2093,45,1,47.1293,367
2093,45,2,51.295,367
2093,50,1,42.1961,367
2093,50,2,46.3382,367
2093,55,1,37.2991,367
2093,55,2,41.3956,367
2093,60,1,32.4596,367
2093,60,2,36.4716,367
2093,65,1,27.6835,367
2093,65,2,31.5735,367
2093,70,1,23.0342,367
2093,70,2,26.7471,367
2093,75,1,18.584,367
2093,75,2,22.0476,367
2093,80,1,14.4204,367
2093,80,2,17.5667,367
2094,0,1,91.9481,367
2094,0,2,96.1841,367
2094,5,1,87.0666,367
2094,5,2,91.2816,367
2094,10,1,82.0766,367
2094,10,2,86.2891,367
2094,15,1,77.0849,367
2094,15,2,81.2948,367
2094,20,1,72.1007,367
2094,20,2,76.3034,367
2094,25,1,67.1223,367
2094,25,2,71.3157,367
2094,30,1,62.1424,367
2094,30,2,66.3305,367
2094,35,1,57.1636,367
2094,35,2,61.3481,367
2094,40,1,52.1906,367
2094,40,2,56.3705,367
2094,45,1,47.2304,367
2094,45,2,51.4004,367
2094,50,1,42.2962,367
2094,50,2,46.4428,367
2094,55,1,37.3976,367
2094,55,2,41.4991,367
2094,60,1,32.5557,367
2094,60,2,36.5738,367
2094,65,1,27.7761,367
2094,65,2,31.6738,367
2094,70,1,23.122,367
2094,70,2,26.8443,367
2094,75,1,18.665,367
2094,75,2,22.1403,367
2094,80,1,14.4924,367
2094,80,2,17.6523,367
2095,0,1,92.0486,367
2095,0,2,96.2945,367
2095,5,1,87.1654,367
2095,5,2,91.3904,367
2095,10,1,82.1753,367
2095,10,2,86.3977,367
2095,15,1,77.1834,367
2095,15,2,81.4032,367
2095,20,1,72.199,367
2095,20,2,76.4117,367
2095,25,1,67.2202,367
2095,25,2,71.4238,367
2095,30,1,62.2399,367
2095,30,2,66.4383,367
2095,35,1,57.2609,367
2095,35,2,61.4556,367
2095,40,1,52.2874,367
2095,40,2,56.4775,367
2095,45,1,47.3267,367
2095,45,2,51.5069,367
2095,50,1,42.3915,367
2095,50,2,46.5485,367
2095,55,1,37.4914,367
2095,55,2,41.6038,367
2095,60,1,32.647,367
2095,60,2,36.6771,367
2095,65,1,27.8641,367
2095,65,2,31.7752,367
2095,70,1,23.2051,367
2095,70,2,26.9428,367
2095,75,1,18.7413,367
2095,75,2,22.234,367
2095,80,1,14.5599,367
2095,80,2,17.739,367
2096,0,1,92.1518,367
2096,0,2,96.3993,367
2096,5,1,87.2669,367
2096,5,2,91.4935,367
2096,10,1,82.2766,367
2096,10,2,86.5007,367
2096,15,1,77.2845,367
2096,15,2,81.5061,367
2096,20,1,72.2999,367
2096,20,2,76.5145,367
2096,25,1,67.3208,367
2096,25,2,71.5263,367
2096,30,1,62.3402,367
2096,30,2,66.5405,367
2096,35,1,57.3608,367
2096,35,2,61.5575,367
2096,40,1,52.3869,367
2096,40,2,56.579,367
2096,45,1,47.4256,367
2096,45,2,51.6079,367
2096,50,1,42.4894,367
2096,50,2,46.6487,367
2096,55,1,37.5877,367
2096,55,2,41.7031,367
2096,60,1,32.7409,367
2096,60,2,36.7749,367
2096,65,1,27.9545,367
2096,65,2,31.8713,367
2096,70,1,23.2906,367
2096,70,2,27.036,367
2096,75,1,18.82,367
2096,75,2,22.3228,367
2096,80,1,14.6297,367
2096,80,2,17.821,367
2097,0,1,92.2483,367
2097,0,2,96.5084,367
2097,5,1,87.3617,367
2097,5,2,91.601,367
2097,10,1,82.3713,367
2097,10,2,86.6081,367
2097,15,1,77.3792,367
2097,15,2,81.6134,367
2097,20,1,72.3942,367
2097,20,2,76.6216,367
2097,25,1,67.4148,367
2097,25,2,71.6332,367
2097,30,1,62.4339,367
2097,30,2,66.6471,367
2097,35,1,57.4542,367
2097,35,2,61.6638,367
2097,40,1,52.48,367
2097,40,2,56.6849,367
2097,45,1,47.518,367
2097,45,2,51.7132,367
2097,50,1,42.5809,367
2097,50,2,46.7533,367
2097,55,1,37.6778,367
2097,55,2,41.8066,367
2097,60,1,32.8286,367
2097,60,2,36.8771,367
2097,65,1,28.0391,367
2097,65,2,31.9716,367
2097,70,1,23.3706,367
2097,70,2,27.1334,367
2097,75,1,18.8936,367
2097,75,2,22.4157,367
2097,80,1,14.695,367
2097,80,2,17.907,367
2098,0,1,92.3516,367
2098,0,2,96.6211,367
2098,5,1,87.4634,367
2098,5,2,91.7117,367
2098,10,1,82.4728,367
2098,10,2,86.7186,367
2098,15,1,77.4805,367
2098,15,2,81.7238,367
2098,20,1,72.4954,367
2098,20,2,76.7317,367
2098,25,1,67.5156,367
2098,25,2,71.7431,367
2098,30,1,62.5344,367
2098,30,2,66.7567,367
2098,35,1,57.5543,367
2098,35,2,61.773,367
2098,40,1,52.5796,367
2098,40,2,56.7937,367
2098,45,1,47.6171,367
2098,45,2,51.8215,367
2098,50,1,42.679,367
2098,50,2,46.8607,367
2098,55,1,37.7742,367
2098,55,2,41.9129,367
2098,60,1,32.9227,367
2098,60,2,36.9819,367
2098,65,1,28.1296,367
2098,65,2,32.0743,367
2098,70,1,23.4561,367
2098,70,2,27.2328,367
2098,75,1,18.9721,367
2098,75,2,22.5099,367
2098,80,1,14.7644,367
2098,80,2,17.9933,367
2099,0,1,92.4546,367
2099,0,2,96.7259,367
2099,5,1,87.5647,367
2099,5,2,91.8149,367
2099,10,1,82.574,367
2099,10,2,86.8217,367
2099,15,1,77.5815,367
2099,15,2,81.8268,367
2099,20,1,72.5961,367
2099,20,2,76.8346,367
2099,25,1,67.616,367
2099,25,2,71.8457,367
2099,30,1,62.6345,367
2099,30,2,66.8591,367
2099,35,1,57.6541,367
2099,35,2,61.8751,367
2099,40,1,52.679,367
2099,40,2,56.8954,367
2099,45,1,47.7159,367
2099,45,2,51.9226,367
2099,50,1,42.7768,367
2099,50,2,46.9611,367
2099,55,1,37.8705,367
2099,55,2,42.0123,367
2099,60,1,33.0165,367
2099,60,2,37.08,367
2099,65,1,28.2202,367
2099,65,2,32.1707,367
2099,70,1,23.5419,367
2099,70,2,27.3264,367
2099,75,1,19.0513,367
2099,75,2,22.5991,367
2099,80,1,14.8349,367
2099,80,2,18.0759,367
2100,0,1,92.5591,367
2100,0,2,96.8369,367
2100,5,1,87.6675,367
2100,5,2,91.9243,367
2100,10,1,82.6767,367
2100,10,2,86.9309,367
2100,15,1,77.6841,367
2100,15,2,81.9359,367
2100,20,1,72.6984,367
2100,20,2,76.9435,367
2100,25,1,67.7179,367
2100,25,2,71.9544,367
2100,30,1,62.7361,367
2100,30,2,66.9675,367
2100,35,1,57.7553,367
2100,35,2,61.9832,367
2100,40,1,52.7799,367
2100,40,2,57.0031,367
2100,45,1,47.8161,367
2100,45,2,52.0298,367
2100,50,1,42.876,367
2100,50,2,47.0676,367
2100,55,1,37.9682,367
2100,55,2,42.1177,367
2100,60,1,33.1117,367
2100,60,2,37.1841,367
2100,65,1,28.3118,367
2100,65,2,32.2729,367
2100,70,1,23.6285,367
2100,70,2,27.4257,367
2100,75,1,19.131,367
2100,75,2,22.6939,367
2100,80,1,14.9055,367
2100,80,2,18.1638,367
